5.831617,5.1739526,4.0905623,3.4768808,2.578127,0.88910234,0.71388584,0.1124041,-0.8101011,-2.7299452,-3.370962,-3.3582299,0.90187025,1.3211606,2.4248924,2.5218308,0.77162325,-0.43949243,-1.6747898,-3.0247238,-3.3611343,-3.9552834,-4.3980746,-5.8090787,-6.0280833,-6.4096093,-6.676282,-7.0447574,-6.14745,-4.130144,-2.6756344,-1.1393102,0.44803143,0.71233237,1.4506814,1.5974382,3.185557,3.730694,4.08776,5.0107512,5.831617,5.1739526,4.0905623,3.4768808,2.578127,0.88910234,0.71388584,0.1124041,0.8101011,2.7299452,3.370962,3.3582299,0.90187025,1.3211606,2.4248924,2.5218308,0.77162325,0.43949243,1.6747898,3.0247238,3.3611343,3.9552834,4.3980746,5.8090787,6.0280833,6.4096093,6.676282,7.0447574,6.14745,4.130144,2.6756344,1.1393102,0.44803143,0.71233237,1.4506814,1.5974382,3.185557,3.730694,4.08776,5.0107512,0.12526879,0.7922693,5.831617,-7.0447574,0
5.8466296,5.5482707,5.3660073,5.4896913,4.960867,3.380456,1.4824831,0.017924178,-0.16657944,-0.2243632,-0.40384647,-0.36154157,0.7943416,1.5455718,3.0619051,3.5484645,1.7187773,0.1951633,-0.7777171,-2.500354,-2.839447,-3.4542398,-4.004855,-5.595108,-6.065461,-6.7074947,-7.39296,-8.028649,-7.0505285,-5.150871,-3.7001507,-2.2448564,-0.52546513,-0.09240713,0.764713,1.0165088,2.7212765,3.5725944,4.1871686,5.7318854,5.8466296,5.5482707,5.3660073,5.4896913,4.960867,3.380456,1.4824831,0.017924178,0.16657944,0.2243632,0.40384647,0.36154157,0.7943416,1.5455718,3.0619051,3.5484645,1.7187773,0.1951633,0.7777171,2.500354,2.839447,3.4542398,4.004855,5.595108,6.065461,6.7074947,7.39296,8.028649,7.0505285,5.150871,3.7001507,2.2448564,0.52546513,0.09240713,0.764713,1.0165088,2.7212765,3.5725944,4.1871686,5.7318854,0.14329714,0.90629065,5.8466296,-8.028649,0
5.860387,5.073804,3.4925919,2.5514169,1.3157887,-0.53810114,-0.56820107,-1.3719391,-1.8162549,-3.8077528,-5.143604,-6.3076324,-8.1639805,-8.294896,-7.340416,-7.5289435,-0.5469485,-0.94777936,-1.6576905,-2.957462,-3.8099945,-4.2799478,-5.014851,-6.0825057,-5.8823657,-6.299724,-6.3341107,-6.536722,-5.582606,-3.4274552,-1.8635594,0.16422965,1.7411923,1.9242319,2.631335,2.704203,4.085726,4.348803,4.5815306,5.224916,5.860387,5.073804,3.4925919,2.5514169,1.3157887,0.53810114,0.56820107,1.3719391,1.8162549,3.8077528,5.143604,6.3076324,8.1639805,8.294896,7.340416,7.5289435,0.5469485,0.94777936,1.6576905,2.957462,3.8099945,4.2799478,5.014851,6.0825057,5.8823657,6.299724,6.3341107,6.536722,5.582606,3.4274552,1.8635594,0.16422965,1.7411923,1.9242319,2.631335,2.704203,4.085726,4.348803,4.5815306,5.224916,0.1306229,0.82613176,5.860387,-8.294896,0
5.7080927,4.8400335,3.157482,2.3292794,1.0920954,-0.6790705,-0.81029844,-1.663494,-2.2583952,-4.1597114,-5.1922956,-6.423465,-7.970972,-9.070098,-8.184389,-6.6018333,-5.6190844,-4.214134,-2.9201407,-2.1237419,-1.9268452,-0.7575567,-2.3461845,-3.7889082,-4.297513,-5.293467,-4.976616,-5.214707,-4.7574058,-2.803718,-1.3521063,0.597893,2.1508605,2.2987428,2.9144268,2.982285,4.2002854,4.385017,4.610949,5.105552,5.7080927,4.8400335,3.157482,2.3292794,1.0920954,0.6790705,0.81029844,1.663494,2.2583952,4.1597114,5.1922956,6.423465,7.970972,9.070098,8.184389,6.6018333,5.6190844,4.214134,2.9201407,2.1237419,1.9268452,0.7575567,2.3461845,3.7889082,4.297513,5.293467,4.976616,5.214707,4.7574058,2.803718,1.3521063,0.597893,2.1508605,2.2987428,2.9144268,2.982285,4.2002854,4.385017,4.610949,5.105552,0.1276388,0.80725867,5.7080927,-9.070098,0
5.919581,4.927618,4.6207886,4.429202,3.6102812,2.4627454,2.0434103,1.9801285,-0.79695654,-0.44411075,0.9396584,1.9263294,1.9938813,2.4264905,1.8969535,1.6033915,1.1312392,-0.8338369,-2.3852425,-4.2556615,-5.417738,-5.6121726,-6.0950365,-6.6063643,-7.554583,-6.598217,-6.540413,-6.389633,-6.2315984,-4.9070187,-2.638908,-0.78691924,1.6298695,3.0041187,2.944819,3.556815,3.742759,4.9449067,4.970797,5.2569933,5.919581,4.927618,4.6207886,4.429202,3.6102812,2.4627454,2.0434103,1.9801285,0.79695654,0.44411075,0.9396584,1.9263294,1.9938813,2.4264905,1.8969535,1.6033915,1.1312392,0.8338369,2.3852425,4.2556615,5.417738,5.6121726,6.0950365,6.6063643,7.554583,6.598217,6.540413,6.389633,6.2315984,4.9070187,2.638908,0.78691924,1.6298695,3.0041187,2.944819,3.556815,3.742759,4.9449067,4.970797,5.2569933,0.13142483,0.83120364,5.919581,-7.554583,0
4.972609,4.3797984,3.3133879,2.98223,2.2630835,0.64494264,0.60535896,-0.12147361,-0.37670043,-2.0517464,-3.5563514,-4.952585,-6.942204,-8.286663,-7.83681,-6.980442,-6.650158,-6.424804,-4.6523976,-4.3267174,-3.7073731,-3.342416,-1.2795981,0.36899006,2.7843118,4.6024666,4.307502,3.0545251,3.113998,2.6748753,3.5029943,-0.5219134,-0.0026332526,-0.011217122,0.32169414,0.9805042,1.7747701,2.5071123,3.4400406,4.194155,4.972609,4.3797984,3.3133879,2.98223,2.2630835,0.64494264,0.60535896,0.12147361,0.37670043,2.0517464,3.5563514,4.952585,6.942204,8.286663,7.83681,6.980442,6.650158,6.424804,4.6523976,4.3267174,3.7073731,3.342416,1.2795981,0.36899006,2.7843118,4.6024666,4.307502,3.0545251,3.113998,2.6748753,3.5029943,0.5219134,0.0026332526,0.011217122,0.32169414,0.9805042,1.7747701,2.5071123,3.4400406,4.194155,0.10485388,0.6631542,4.972609,-8.286663,0
5.7214894,5.399814,3.3894298,2.4071934,0.6879356,0.07696174,-0.72878796,-2.9139519,-5.027569,-7.2038074,-7.527767,-6.933469,-7.458631,-7.1351514,-7.8825693,0.44539174,-0.64787376,-1.2374276,-2.268981,-3.4990427,-4.3853426,-5.0735974,-6.078075,-7.09205,-6.407492,-6.420351,-6.194899,-6.1695933,-5.3331366,-3.0899239,-1.4673237,0.9168674,1.9160668,2.289852,3.5724685,4.1479673,5.645806,5.632966,5.4568305,5.506501,5.7214894,5.399814,3.3894298,2.4071934,0.6879356,0.07696174,0.72878796,2.9139519,5.027569,7.2038074,7.527767,6.933469,7.458631,7.1351514,7.8825693,0.44539174,0.64787376,1.2374276,2.268981,3.4990427,4.3853426,5.0735974,6.078075,7.09205,6.407492,6.420351,6.194899,6.1695933,5.3331366,3.0899239,1.4673237,0.9168674,1.9160668,2.289852,3.5724685,4.1479673,5.645806,5.632966,5.4568305,5.506501,0.13766253,0.8706543,5.7214894,-7.8825693,0
5.6074467,4.6413684,-0.90940315,-0.69275486,-1.0339943,-0.7983149,-0.1880644,0.8151408,2.1341581,3.2431061,4.6044345,4.7405,4.6212873,4.662257,5.166229,5.0701356,3.6637366,3.0449433,2.1678636,0.4307388,0.28064403,-0.5305749,-0.81750876,-2.5533953,-4.002986,-5.490101,-7.344232,-8.642944,-8.0646305,-7.136497,-6.5991597,-6.2581735,-4.3059506,-3.543616,-2.7195582,-2.4250295,-0.5406776,1.130369,2.6450424,5.1616354,5.6074467,4.6413684,0.90940315,0.69275486,1.0339943,0.7983149,0.1880644,0.8151408,2.1341581,3.2431061,4.6044345,4.7405,4.6212873,4.662257,5.166229,5.0701356,3.6637366,3.0449433,2.1678636,0.4307388,0.28064403,0.5305749,0.81750876,2.5533953,4.002986,5.490101,7.344232,8.642944,8.0646305,7.136497,6.5991597,6.2581735,4.3059506,3.543616,2.7195582,2.4250295,0.5406776,1.130369,2.6450424,5.1616354,0.12904088,0.8161262,5.6074467,-8.642944,0
5.589227,5.3541737,3.4282918,2.5024326,0.65324825,-0.09378931,-1.0496633,-3.2239895,-4.632372,-6.9213433,-7.613021,-7.645146,-7.8305483,-8.285412,-8.657012,-6.6837916,-5.7689896,-4.395311,-2.899632,-1.9732093,-1.7626996,-0.38128576,-1.8449825,-3.2537036,-3.8506138,-4.9871645,-4.7321525,-4.9908066,-4.5574074,-2.5570748,-1.1286942,0.8085771,1.7711713,2.2357154,3.4635234,4.184354,5.584964,5.5393033,5.3114886,5.2242107,5.589227,5.3541737,3.4282918,2.5024326,0.65324825,0.09378931,1.0496633,3.2239895,4.632372,6.9213433,7.613021,7.645146,7.8305483,8.285412,8.657012,6.6837916,5.7689896,4.395311,2.899632,1.9732093,1.7626996,0.38128576,1.8449825,3.2537036,3.8506138,4.9871645,4.7321525,4.9908066,4.5574074,2.5570748,1.1286942,0.8085771,1.7711713,2.2357154,3.4635234,4.184354,5.584964,5.5393033,5.3114886,5.2242107,0.13060527,0.82602024,5.589227,-8.657012,0
5.5043507,4.1377974,3.626603,2.371011,2.0984726,1.1997471,-1.1506063,-2.8369215,-5.0025454,-6.2181654,-6.3169146,-6.8381653,-7.3289547,-8.446502,-7.344125,-6.975669,-6.363334,-6.1652417,-4.716001,-2.2706633,-0.34926555,2.3355367,3.654064,3.8503592,4.7522364,4.352296,-1.4951056,-2.5761924,-2.1525614,-1.9979286,-0.9958085,-0.11448386,0.64597344,1.888292,2.8569229,4.4874706,4.92892,4.8031206,4.988189,5.3840084,5.5043507,4.1377974,3.626603,2.371011,2.0984726,1.1997471,1.1506063,2.8369215,5.0025454,6.2181654,6.3169146,6.8381653,7.3289547,8.446502,7.344125,6.975669,6.363334,6.1652417,4.716001,2.2706633,0.34926555,2.3355367,3.654064,3.8503592,4.7522364,4.352296,1.4951056,2.5761924,2.1525614,1.9979286,0.9958085,0.11448386,0.64597344,1.888292,2.8569229,4.4874706,4.92892,4.8031206,4.988189,5.3840084,0.1346002,0.8512865,5.5043507,-8.446502,0
5.5352483,5.183974,-0.66284317,-1.0455152,-1.195393,-0.5208318,1.1340427,2.7194738,3.8745193,4.5477014,4.3691072,4.13348,4.3039308,4.4697013,3.5005107,3.4586847,2.7605329,2.8544528,1.4997573,-0.8883266,-2.4299903,-4.602311,-5.8834586,-6.035895,-6.6033525,-7.138561,-8.32063,-7.3028793,-7.196416,-6.8507595,-6.6895123,-5.3179593,-2.845828,-0.9349366,1.567438,3.110767,3.1231062,4.033565,3.9591928,5.2433724,5.5352483,5.183974,0.66284317,1.0455152,1.195393,0.5208318,1.1340427,2.7194738,3.8745193,4.5477014,4.3691072,4.13348,4.3039308,4.4697013,3.5005107,3.4586847,2.7605329,2.8544528,1.4997573,0.8883266,2.4299903,4.602311,5.8834586,6.035895,6.6033525,7.138561,8.32063,7.3028793,7.196416,6.8507595,6.6895123,5.3179593,2.845828,0.9349366,1.567438,3.110767,3.1231062,4.033565,3.9591928,5.2433724,0.13108431,0.82905,5.5352483,-8.32063,0
5.730088,4.940283,2.9245508,1.8782479,0.23053426,-1.6473328,-1.7518704,-2.5658746,-3.1750607,-5.0966926,-6.004471,-7.0110435,-8.395795,-9.323586,-8.349366,-6.4642153,-5.034934,-3.7451878,-1.7786902,-1.4390023,-0.394292,0.23206937,1.9293505,1.8359176,-1.2118065,-2.839168,-3.4424493,-4.076534,-3.5019262,-1.61669,-0.15894488,1.5759615,2.7921624,2.8348916,3.3386226,3.5907612,4.659634,4.594767,4.8159986,5.146404,5.730088,4.940283,2.9245508,1.8782479,0.23053426,1.6473328,1.7518704,2.5658746,3.1750607,5.0966926,6.004471,7.0110435,8.395795,9.323586,8.349366,6.4642153,5.034934,3.7451878,1.7786902,1.4390023,0.394292,0.23206937,1.9293505,1.8359176,1.2118065,2.839168,3.4424493,4.076534,3.5019262,1.61669,0.15894488,1.5759615,2.7921624,2.8348916,3.3386226,3.5907612,4.659634,4.594767,4.8159986,5.146404,0.1286601,0.8137179,5.730088,-9.323586,0
5.7216516,4.6541266,2.4835649,1.3432789,-0.7359626,-1.6639353,-2.4764948,-4.3715563,-5.811359,-8.193765,-8.624042,-7.8526206,-8.071069,0.4527762,1.0583826,0.8331606,-0.8466898,-2.4765766,-4.0630603,-5.1929927,-5.504636,-5.9068084,-6.663158,-7.5658464,-6.6985598,-6.5582595,-6.0257335,-5.7661304,-4.4402256,-2.1724625,-0.47173452,1.9778675,3.399443,3.3505278,3.9313805,4.1625304,5.3135514,5.069099,5.2344112,5.368248,5.7216516,4.6541266,2.4835649,1.3432789,0.7359626,1.6639353,2.4764948,4.3715563,5.811359,8.193765,8.624042,7.8526206,8.071069,0.4527762,1.0583826,0.8331606,0.8466898,2.4765766,4.0630603,5.1929927,5.504636,5.9068084,6.663158,7.5658464,6.6985598,6.5582595,6.0257335,5.7661304,4.4402256,2.1724625,0.47173452,1.9778675,3.399443,3.3505278,3.9313805,4.1625304,5.3135514,5.069099,5.2344112,5.368248,0.1342062,0.8487946,5.7216516,-8.624042,0
6.836487,5.9299283,4.8954525,3.2710621,2.3710833,2.2182803,0.13405651,0.8682586,1.74324,3.028619,3.8290966,3.6195452,3.878064,3.5796037,4.0030055,3.368921,1.2440284,-0.017141063,-1.615509,-3.4547598,-3.7454946,-4.388619,-4.855504,-6.4279976,-6.530568,-7.1131163,-7.833524,-8.582071,-7.4304996,-5.253584,-3.6085472,-1.7911694,-0.023688292,0.34663528,1.2368908,1.4306285,3.3330693,4.1850514,4.8042026,6.070651,6.836487,5.9299283,4.8954525,3.2710621,2.3710833,2.2182803,0.13405651,0.8682586,1.74324,3.028619,3.8290966,3.6195452,3.878064,3.5796037,4.0030055,3.368921,1.2440284,0.017141063,1.615509,3.4547598,3.7454946,4.388619,4.855504,6.4279976,6.530568,7.1131163,7.833524,8.582071,7.4304996,5.253584,3.6085472,1.7911694,0.023688292,0.34663528,1.2368908,1.4306285,3.3330693,4.1850514,4.8042026,6.070651,0.15176627,0.95985425,6.836487,-8.582071,0
5.901828,5.495514,5.2314143,5.0493617,5.0926776,3.9192247,3.7868714,3.1718726,3.309875,1.8279294,-0.7262474,-2.5728538,-4.994643,-6.3653007,-6.548541,-7.2600436,-7.1389155,-8.401234,-8.553376,-8.132683,-0.39629227,-0.6671597,-1.1410879,-1.9576582,-3.205798,-4.804019,-5.7917514,-7.2035346,-6.9939127,-5.855952,-5.3349266,-4.620018,-2.7769566,-2.3585134,-1.7578008,-1.5621597,0.24730153,1.7683302,2.8499162,4.9040627,5.901828,5.495514,5.2314143,5.0493617,5.0926776,3.9192247,3.7868714,3.1718726,3.309875,1.8279294,0.7262474,2.5728538,4.994643,6.3653007,6.548541,7.2600436,7.1389155,8.401234,8.553376,8.132683,0.39629227,0.6671597,1.1410879,1.9576582,3.205798,4.804019,5.7917514,7.2035346,6.9939127,5.855952,5.3349266,4.620018,2.7769566,2.3585134,1.7578008,1.5621597,0.24730153,1.7683302,2.8499162,4.9040627,0.12260157,0.7754004,5.901828,-8.553376,0
5.6908593,-0.7449494,-1.1417589,-0.82754964,0.47578505,1.9478647,3.1243203,3.7795413,4.0613894,4.4615498,4.9366097,5.2996163,4.207091,3.962222,3.0705147,3.1456761,2.3201735,-0.14045213,-1.7713901,-3.9592197,-5.518855,-5.5818863,-6.2314906,-6.7067437,-7.9698234,-7.3606906,-7.4576893,-7.419751,-7.5301666,-6.216426,-3.8317952,-1.7812538,0.70102924,2.425637,2.4416633,3.156219,3.3187544,4.9958305,5.510939,5.2156897,5.6908593,0.7449494,1.1417589,0.82754964,0.47578505,1.9478647,3.1243203,3.7795413,4.0613894,4.4615498,4.9366097,5.2996163,4.207091,3.962222,3.0705147,3.1456761,2.3201735,0.14045213,1.7713901,3.9592197,5.518855,5.5818863,6.2314906,6.7067437,7.9698234,7.3606906,7.4576893,7.419751,7.5301666,6.216426,3.8317952,1.7812538,0.70102924,2.425637,2.4416633,3.156219,3.3187544,4.9958305,5.510939,5.2156897,0.13039224,0.82467294,5.6908593,-7.9698234,0
6.7852635,5.7637534,4.6386375,2.9062002,1.9047574,1.8425896,0.3299976,1.1146514,1.8774941,3.0225503,3.7312355,3.5074208,3.813725,3.4217339,3.6494644,2.9622474,0.7068686,-0.5287251,-2.374665,-3.4933918,-4.2395325,-5.6838717,-6.7251644,-8.378927,-8.231585,-8.01929,-7.853333,-7.947462,-7.333469,-4.801726,-3.0347056,-1.1568452,0.53103113,0.8698564,1.773264,2.0497043,3.833264,4.540911,5.132159,6.15706,6.7852635,5.7637534,4.6386375,2.9062002,1.9047574,1.8425896,0.3299976,1.1146514,1.8774941,3.0225503,3.7312355,3.5074208,3.813725,3.4217339,3.6494644,2.9622474,0.7068686,0.5287251,2.374665,3.4933918,4.2395325,5.6838717,6.7251644,8.378927,8.231585,8.01929,7.853333,7.947462,7.333469,4.801726,3.0347056,1.1568452,0.53103113,0.8698564,1.773264,2.0497043,3.833264,4.540911,5.132159,6.15706,0.1539265,0.9735167,6.7852635,-8.378927,0
6.0276055,5.223041,5.003374,4.6396103,4.8887672,3.767898,1.61706,-0.53080505,-2.6346943,-3.029578,-2.1123805,0.2314958,0.7953447,2.3834069,3.1345568,2.0839934,1.6352551,0.6228679,0.054957915,-0.7487994,-2.514395,-4.1278515,-6.2948413,-7.1128945,-7.1215925,-7.4194975,-7.952935,-8.364488,-6.7321587,-5.9745026,-4.79203,-4.2175574,-2.8963442,-0.57154846,1.0002494,3.4488354,4.614121,4.434934,4.959864,5.153063,6.0276055,5.223041,5.003374,4.6396103,4.8887672,3.767898,1.61706,0.53080505,2.6346943,3.029578,2.1123805,0.2314958,0.7953447,2.3834069,3.1345568,2.0839934,1.6352551,0.6228679,0.054957915,0.7487994,2.514395,4.1278515,6.2948413,7.1128945,7.1215925,7.4194975,7.952935,8.364488,6.7321587,5.9745026,4.79203,4.2175574,2.8963442,0.57154846,1.0002494,3.4488354,4.614121,4.434934,4.959864,5.153063,0.12882657,0.81477076,6.0276055,-8.364488,0
5.9208355,5.200252,4.2291765,4.1449404,4.128671,4.103902,0.4598153,1.2898054,2.4024317,3.0655193,3.98074,3.8653998,2.993538,2.9567208,2.422862,0.7629753,0.7247287,0.017542629,-0.25353926,-1.7721062,-3.4822185,-4.9946647,-7.012315,-8.422422,-7.9993734,-7.297831,-6.9820623,-6.8888745,-5.06546,-4.5235806,-3.881916,-3.6368482,-1.6265953,0.47273275,2.0049183,4.650867,5.683003,5.290413,5.4285874,5.3834853,5.9208355,5.200252,4.2291765,4.1449404,4.128671,4.103902,0.4598153,1.2898054,2.4024317,3.0655193,3.98074,3.8653998,2.993538,2.9567208,2.422862,0.7629753,0.7247287,0.017542629,0.25353926,1.7721062,3.4822185,4.9946647,7.012315,8.422422,7.9993734,7.297831,6.9820623,6.8888745,5.06546,4.5235806,3.881916,3.6368482,1.6265953,0.47273275,2.0049183,4.650867,5.683003,5.290413,5.4285874,5.3834853,0.13458714,0.8512038,5.9208355,-8.422422,0
6.018102,5.290239,3.804024,3.1315267,2.0327592,0.31784862,0.2802719,-0.58552736,-0.94367033,-2.8032234,-4.4264755,-5.973054,-8.194616,-8.508032,-8.523763,-8.484694,-8.698239,-8.4597225,-5.95308,-4.3197684,-2.7884946,-1.3836882,-0.20859304,0.73970693,0.57472384,-0.5609994,-0.7970725,-2.0683248,-2.6934671,-1.8021557,-1.3063766,-0.28259867,1.0765964,1.4602203,2.0373993,2.3992598,3.7352371,4.133042,4.6626773,5.363883,6.018102,5.290239,3.804024,3.1315267,2.0327592,0.31784862,0.2802719,0.58552736,0.94367033,2.8032234,4.4264755,5.973054,8.194616,8.508032,8.523763,8.484694,8.698239,8.4597225,5.95308,4.3197684,2.7884946,1.3836882,0.20859304,0.73970693,0.57472384,0.5609994,0.7970725,2.0683248,2.6934671,1.8021557,1.3063766,0.28259867,1.0765964,1.4602203,2.0373993,2.3992598,3.7352371,4.133042,4.6626773,5.363883,0.13409707,0.84810436,6.018102,-8.698239,0
6.3784943,5.484194,5.1710005,4.609789,4.898247,3.924386,1.5601908,0.14232752,-1.9838682,-3.5900314,-4.4701095,-5.496438,-5.3124833,0.15505108,0.7870985,0.51811236,1.2711579,0.9425568,0.38388133,-0.6492666,-2.4239082,-4.0135984,-5.8851404,-7.1934466,-6.956583,-6.568144,-6.686358,-7.03139,-5.7156177,-5.4541187,-4.7373266,-4.347589,-2.3405728,-0.25341728,1.210342,3.622773,4.6680727,4.522155,5.190853,5.512647,6.3784943,5.484194,5.1710005,4.609789,4.898247,3.924386,1.5601908,0.14232752,1.9838682,3.5900314,4.4701095,5.496438,5.3124833,0.15505108,0.7870985,0.51811236,1.2711579,0.9425568,0.38388133,0.6492666,2.4239082,4.0135984,5.8851404,7.1934466,6.956583,6.568144,6.686358,7.03139,5.7156177,5.4541187,4.7373266,4.347589,2.3405728,0.25341728,1.210342,3.622773,4.6680727,4.522155,5.190853,5.512647,0.13781618,0.871626,6.3784943,-7.1934466,0
6.4931073,5.6416636,5.3977766,4.741677,4.8293223,3.5990672,1.4078712,-0.77537614,-3.0173476,-3.4484031,-2.5036392,0.56844366,1.1950716,2.6760538,3.1538506,1.9291817,1.2565256,0.26400465,-0.2130399,-1.0393492,-2.8137677,-4.2777743,-6.3237786,-7.06025,-7.266413,-7.598259,-8.239746,-8.53655,-6.587541,-5.52805,-4.1985583,-3.5295324,-2.286773,-0.07760037,1.4704424,3.8978395,4.9288645,4.688086,5.205218,5.5760245,6.4931073,5.6416636,5.3977766,4.741677,4.8293223,3.5990672,1.4078712,0.77537614,3.0173476,3.4484031,2.5036392,0.56844366,1.1950716,2.6760538,3.1538506,1.9291817,1.2565256,0.26400465,0.2130399,1.0393492,2.8137677,4.2777743,6.3237786,7.06025,7.266413,7.598259,8.239746,8.53655,6.587541,5.52805,4.1985583,3.5295324,2.286773,0.07760037,1.4704424,3.8978395,4.9288645,4.688086,5.205218,5.5760245,0.13940062,0.8816469,6.4931073,-8.53655,0
6.478308,5.7172804,4.602635,4.382409,-0.27242553,0.14099552,1.0274804,2.0708606,3.3706183,3.6917145,4.619959,4.3160186,3.1518223,2.873575,2.2140362,0.46396416,0.38061944,-0.36520264,-0.6137399,-2.458459,-4.0589476,-5.5282884,-7.6718326,-8.056904,-8.001643,-8.099982,-8.480726,-8.561672,-6.2789416,-4.883495,-3.2334406,-2.4219942,-1.2341669,1.0137302,2.31999,4.837784,5.6526995,5.4653883,5.801926,6.2154374,6.478308,5.7172804,4.602635,4.382409,0.27242553,0.14099552,1.0274804,2.0708606,3.3706183,3.6917145,4.619959,4.3160186,3.1518223,2.873575,2.2140362,0.46396416,0.38061944,0.36520264,0.6137399,2.458459,4.0589476,5.5282884,7.6718326,8.056904,8.001643,8.099982,8.480726,8.561672,6.2789416,4.883495,3.2334406,2.4219942,1.2341669,1.0137302,2.31999,4.837784,5.6526995,5.4653883,5.801926,6.2154374,0.15538594,0.9827469,6.478308,-8.561672,0
6.5902925,6.1743956,-0.6140981,0.25646067,1.3828442,2.4489932,3.4840758,3.9086468,4.215934,4.802395,5.368432,4.502379,4.312977,3.328171,3.4007587,2.428805,0.054453157,-1.2665293,-3.2409487,-4.85338,-5.0596166,-5.7355576,-6.29933,-7.7638917,-7.364275,-7.5478897,-7.672354,-7.756535,-6.453836,-4.040293,-2.2200253,0.11236417,1.849364,2.1090543,2.9582217,3.118913,4.7301316,5.2999725,5.3190446,6.5018888,6.5902925,6.1743956,0.6140981,0.25646067,1.3828442,2.4489932,3.4840758,3.9086468,4.215934,4.802395,5.368432,4.502379,4.312977,3.328171,3.4007587,2.428805,0.054453157,1.2665293,3.2409487,4.85338,5.0596166,5.7355576,6.29933,7.7638917,7.364275,7.5478897,7.672354,7.756535,6.453836,4.040293,2.2200253,0.11236417,1.849364,2.1090543,2.9582217,3.118913,4.7301316,5.2999725,5.3190446,6.5018888,0.16254722,1.028039,6.5902925,-7.7638917,0
6.6859922,5.9921517,5.5725656,4.397881,4.0944004,4.1104875,4.1708817,0.19291893,0.5909165,1.5685285,2.4234798,2.9340348,3.6603332,3.811591,4.623322,4.138025,2.3055744,1.5476997,0.24143116,-1.6345404,-1.8523823,-2.4721675,-2.969063,-4.779194,-5.699044,-6.7789745,-8.178817,-9.28298,-8.341587,-6.6675224,-5.4049015,-4.128562,-1.943854,-1.4985387,-0.7574275,-0.5586853,1.4150546,2.8295758,3.8776538,5.775513,6.6859922,5.9921517,5.5725656,4.397881,4.0944004,4.1104875,4.1708817,0.19291893,0.5909165,1.5685285,2.4234798,2.9340348,3.6603332,3.811591,4.623322,4.138025,2.3055744,1.5476997,0.24143116,1.6345404,1.8523823,2.4721675,2.969063,4.779194,5.699044,6.7789745,8.178817,9.28298,8.341587,6.6675224,5.4049015,4.128562,1.943854,1.4985387,0.7574275,0.5586853,1.4150546,2.8295758,3.8776538,5.775513,0.14438783,0.9131888,6.6859922,-9.28298,0
5.6191688,5.561126,-1.6083004,-2.49667,-1.7692327,-1.2533926,-0.025443498,0.97285706,1.53675,2.5845227,3.526254,5.077215,5.390634,5.302904,5.33562,5.557873,5.3365455,3.827562,3.220711,1.6741256,1.1272246,0.10281227,-2.4924433,-4.199078,-6.530233,-7.290885,-7.5372,-8.033457,-8.597028,-9.236171,-7.4829435,-6.500911,-5.865585,-3.9188359,-3.5154834,-2.6289299,-2.2659886,-0.17409943,1.7126986,3.269893,5.6191688,5.561126,1.6083004,2.49667,1.7692327,1.2533926,0.025443498,0.97285706,1.53675,2.5845227,3.526254,5.077215,5.390634,5.302904,5.33562,5.557873,5.3365455,3.827562,3.220711,1.6741256,1.1272246,0.10281227,2.4924433,4.199078,6.530233,7.290885,7.5372,8.033457,8.597028,9.236171,7.4829435,6.500911,5.865585,3.9188359,3.5154834,2.6289299,2.2659886,0.17409943,1.7126986,3.269893,0.08174732,0.51701546,5.6191688,-9.236171,0
5.9641166,5.258465,3.7820745,3.014938,1.8624905,0.018108118,-0.1873344,-1.1581638,-1.5005634,-3.454662,-4.8480945,-6.3411026,-8.177692,-9.3633175,-8.610879,-7.178119,-6.268313,-5.712134,-3.763496,-3.2777739,-2.5099955,-2.2400486,-0.14223717,1.7963315,3.2620885,5.5891423,5.530765,-0.5959865,-1.3387535,-0.94604206,-0.96945107,-0.4005312,0.98755866,1.6509128,2.0716014,2.510257,3.767653,4.174276,4.706254,5.2924895,5.9641166,5.258465,3.7820745,3.014938,1.8624905,0.018108118,0.1873344,1.1581638,1.5005634,3.454662,4.8480945,6.3411026,8.177692,9.3633175,8.610879,7.178119,6.268313,5.712134,3.763496,3.2777739,2.5099955,2.2400486,0.14223717,1.7963315,3.2620885,5.5891423,5.530765,0.5959865,1.3387535,0.94604206,0.96945107,0.4005312,0.98755866,1.6509128,2.0716014,2.510257,3.767653,4.174276,4.706254,5.2924895,0.13231224,0.8368161,5.9641166,-9.3633175,0
6.360701,5.4491067,3.7548356,2.858668,1.52183,-0.4318232,-0.5219602,-1.3648715,-1.7587295,-3.7166266,-5.1331654,-6.5897813,-8.215842,-9.294748,-8.504244,-7.2331104,-6.5019674,-5.2890286,-3.7950253,-2.6473644,-2.4134102,-1.4093124,-3.1161208,-4.3619933,-4.6123223,-5.4456024,-5.2088923,-5.5748105,-5.104245,-3.0575929,-1.6129206,0.3817117,1.9905854,2.1757305,2.864854,2.934934,4.2010427,4.5558834,4.979153,5.7132907,6.360701,5.4491067,3.7548356,2.858668,1.52183,0.4318232,0.5219602,1.3648715,1.7587295,3.7166266,5.1331654,6.5897813,8.215842,9.294748,8.504244,7.2331104,6.5019674,5.2890286,3.7950253,2.6473644,2.4134102,1.4093124,3.1161208,4.3619933,4.6123223,5.4456024,5.2088923,5.5748105,5.104245,3.0575929,1.6129206,0.3817117,1.9905854,2.1757305,2.864854,2.934934,4.2010427,4.5558834,4.979153,5.7132907,0.14283226,0.9033506,6.360701,-9.294748,0
6.050942,5.3992,5.269518,4.717016,4.8627076,3.6390407,1.1397779,-0.29651922,-2.5819218,-3.8474388,-4.559993,-5.932787,-7.0813293,-9.051635,-8.751253,-8.597217,-8.520001,-7.2674227,-6.509315,-6.1581583,-1.0326575,-2.2646549,-3.2394035,-4.8656764,-5.5849705,-5.1803756,-5.654559,-5.4753156,-5.5477834,-4.4334984,-2.2474327,-0.72428524,1.5030847,2.9032285,2.9184911,3.567209,3.7379625,4.856718,4.8302484,5.1305103,6.050942,5.3992,5.269518,4.717016,4.8627076,3.6390407,1.1397779,0.29651922,2.5819218,3.8474388,4.559993,5.932787,7.0813293,9.051635,8.751253,8.597217,8.520001,7.2674227,6.509315,6.1581583,1.0326575,2.2646549,3.2394035,4.8656764,5.5849705,5.1803756,5.654559,5.4753156,5.5477834,4.4334984,2.2474327,0.72428524,1.5030847,2.9032285,2.9184911,3.567209,3.7379625,4.856718,4.8302484,5.1305103,0.12826276,0.8112049,6.050942,-9.051635,0
6.5334225,5.731207,5.3902245,5.3743896,4.5949783,3.6653278,3.2920952,3.165304,0.6872824,1.3805803,2.7777512,3.4937434,2.9941492,3.1785257,3.0693688,1.8105185,1.8199161,1.0996586,1.0191082,-0.38861206,-2.3255255,-3.8920858,-6.1025987,-7.374383,-7.186613,-7.0433936,-7.278352,-7.8827853,-6.518679,-6.2255917,-5.5322433,-5.1874886,-3.3240242,-0.98907954,0.6638717,3.2179415,4.2414713,4.1470103,5.00602,5.389427,6.5334225,5.731207,5.3902245,5.3743896,4.5949783,3.6653278,3.2920952,3.165304,0.6872824,1.3805803,2.7777512,3.4937434,2.9941492,3.1785257,3.0693688,1.8105185,1.8199161,1.0996586,1.0191082,0.38861206,2.3255255,3.8920858,6.1025987,7.374383,7.186613,7.0433936,7.278352,7.8827853,6.518679,6.2255917,5.5322433,5.1874886,3.3240242,0.98907954,0.6638717,3.2179415,4.2414713,4.1470103,5.00602,5.389427,0.13473567,0.8521432,6.5334225,-7.8827853,0
6.521123,5.6502624,3.773372,2.678733,1.1394002,-0.8835779,-1.1592331,-2.1223662,-2.5977201,-4.610103,-5.823502,-7.0485177,-8.6215725,-9.926022,-8.441352,-7.2885423,-5.3998146,-4.723284,-0.79665226,-1.9609798,-3.0413659,-3.8555875,-5.239217,-6.0450463,-5.681396,-6.072087,-5.9501033,-6.206184,-5.227289,-2.9160895,-1.2147902,1.0718579,2.5918918,2.599682,3.3009787,3.5171738,4.875264,5.0603294,5.377337,5.931538,6.521123,5.6502624,3.773372,2.678733,1.1394002,0.8835779,1.1592331,2.1223662,2.5977201,4.610103,5.823502,7.0485177,8.6215725,9.926022,8.441352,7.2885423,5.3998146,4.723284,0.79665226,1.9609798,3.0413659,3.8555875,5.239217,6.0450463,5.681396,6.072087,5.9501033,6.206184,5.227289,2.9160895,1.2147902,1.0718579,2.5918918,2.599682,3.3009787,3.5171738,4.875264,5.0603294,5.377337,5.931538,0.14828846,0.9378585,6.521123,-9.926022,0
5.98129,5.9084163,4.323413,3.492752,2.4216602,0.5594083,0.4639068,-0.48392987,-0.737145,-2.632982,-4.3345,-6.010692,-7.918289,-9.346254,-8.712912,-7.909036,-6.0904074,-5.587684,-5.422615,-5.6859365,-0.55083495,-1.4641546,-3.0461793,-4.3014116,-4.718607,-5.7668867,-5.601474,-6.0809016,-5.7584524,-3.7587814,-2.261176,-0.15255642,0.88974047,1.5434844,3.1046035,3.8391716,5.4929442,5.7331505,5.6200786,5.703235,5.98129,5.9084163,4.323413,3.492752,2.4216602,0.5594083,0.4639068,0.48392987,0.737145,2.632982,4.3345,6.010692,7.918289,9.346254,8.712912,7.909036,6.0904074,5.587684,5.422615,5.6859365,0.55083495,1.4641546,3.0461793,4.3014116,4.718607,5.7668867,5.601474,6.0809016,5.7584524,3.7587814,2.261176,0.15255642,0.88974047,1.5434844,3.1046035,3.8391716,5.4929442,5.7331505,5.6200786,5.703235,0.14258088,0.90176064,5.98129,-9.346254,0
6.0769596,5.423853,5.738067,-0.7440156,-1.7018569,-2.0340476,-0.9633191,0.09120483,1.3734672,2.4335248,2.985702,3.802093,4.455409,5.358093,5.054488,4.9890957,4.882624,5.326568,4.793721,2.6525369,1.4724053,-0.5566017,-1.5004187,-2.3681097,-4.2733173,-5.8066106,-8.02393,-8.429983,-8.424283,-8.376284,-8.654114,-8.487595,-6.14246,-4.766094,-3.0293076,-2.1827104,-0.96687233,1.2648327,2.5659792,5.328786,6.0769596,5.423853,5.738067,0.7440156,1.7018569,2.0340476,0.9633191,0.09120483,1.3734672,2.4335248,2.985702,3.802093,4.455409,5.358093,5.054488,4.9890957,4.882624,5.326568,4.793721,2.6525369,1.4724053,0.5566017,1.5004187,2.3681097,4.2733173,5.8066106,8.02393,8.429983,8.424283,8.376284,8.654114,8.487595,6.14246,4.766094,3.0293076,2.1827104,0.96687233,1.2648327,2.5659792,5.328786,0.13321964,0.84255505,6.0769596,-8.654114,0
6.312665,5.292355,3.131729,2.044121,0.44194323,-1.5144045,-1.5114561,-2.2647324,-2.7292466,-4.866858,-6.036278,-6.889031,-8.928665,-9.17891,-8.392986,-0.16993997,-1.219772,-1.9045311,-2.698778,-3.95318,-5.0327964,-5.2734523,-5.986601,-6.9385166,-6.212881,-6.4319015,-6.1652617,-6.2228904,-5.094884,-2.7637281,-1.0312979,1.3744286,2.8538246,2.8782408,3.6249635,3.7803197,5.1215463,5.2173085,5.511207,5.823303,6.312665,5.292355,3.131729,2.044121,0.44194323,1.5144045,1.5114561,2.2647324,2.7292466,4.866858,6.036278,6.889031,8.928665,9.17891,8.392986,0.16993997,1.219772,1.9045311,2.698778,3.95318,5.0327964,5.2734523,5.986601,6.9385166,6.212881,6.4319015,6.1652617,6.2228904,5.094884,2.7637281,1.0312979,1.3744286,2.8538246,2.8782408,3.6249635,3.7803197,5.1215463,5.2173085,5.511207,5.823303,0.14558259,0.9207451,6.312665,-9.17891,0
5.772155,5.0186067,4.9441714,4.5711575,4.8623013,4.0237308,1.6338558,0.38832667,-1.670921,-3.611739,-3.827453,-4.6230407,-5.1496315,-6.939672,-7.174839,-7.7966814,-8.563309,-9.029682,-7.643149,-5.2559366,-3.4520583,-0.9922054,0.49598747,0.9194449,1.1555196,-0.70959675,-2.3008745,-3.432269,-3.2371,-3.7913866,-3.3197172,-3.1243973,-1.9020537,-0.05530373,1.2745351,3.2573626,4.1388245,4.0664864,4.5655375,4.9172487,5.772155,5.0186067,4.9441714,4.5711575,4.8623013,4.0237308,1.6338558,0.38832667,1.670921,3.611739,3.827453,4.6230407,5.1496315,6.939672,7.174839,7.7966814,8.563309,9.029682,7.643149,5.2559366,3.4520583,0.9922054,0.49598747,0.9194449,1.1555196,0.70959675,2.3008745,3.432269,3.2371,3.7913866,3.3197172,3.1243973,1.9020537,0.05530373,1.2745351,3.2573626,4.1388245,4.0664864,4.5655375,4.9172487,0.12293122,0.7774853,5.772155,-9.029682,0
5.8791013,5.551381,-1.5149473,-2.1231356,-1.2513626,-0.49341732,0.90519565,1.9225802,2.5275483,3.2334208,3.9270196,5.0875382,5.1299577,5.152852,5.115813,5.44478,4.980128,2.95591,2.0474646,0.30477056,-0.35005495,-1.1211952,-3.2513225,-4.8760343,-7.2421484,-7.817867,-7.8392844,-7.9344935,-8.552431,-8.8750305,-6.9042597,-5.6227627,-4.059436,-3.2848337,-1.9800463,0.3743159,1.894875,4.6076965,5.438349,5.1601624,5.8791013,5.551381,1.5149473,2.1231356,1.2513626,0.49341732,0.90519565,1.9225802,2.5275483,3.2334208,3.9270196,5.0875382,5.1299577,5.152852,5.115813,5.44478,4.980128,2.95591,2.0474646,0.30477056,0.35005495,1.1211952,3.2513225,4.8760343,7.2421484,7.817867,7.8392844,7.9344935,8.552431,8.8750305,6.9042597,5.6227627,4.059436,3.2848337,1.9800463,0.3743159,1.894875,4.6076965,5.438349,5.1601624,0.12900406,0.81589335,5.8791013,-8.8750305,0
6.473315,5.84564,4.920421,4.9937716,4.923804,4.950713,0.32106605,1.2420077,2.4169624,3.2550619,3.5030808,3.826761,3.8673978,4.7284536,4.5704145,2.88519,2.1656082,0.68521655,0.25518605,-0.50926125,-2.600107,-4.2394433,-6.6644807,-7.5184608,-7.6783986,-7.8215985,-8.330146,-8.875426,-7.1132784,-6.309862,-5.143463,-4.481823,-2.9207513,-0.30742824,1.3112394,4.0328393,5.048429,4.810192,5.3356857,5.5820236,6.473315,5.84564,4.920421,4.9937716,4.923804,4.950713,0.32106605,1.2420077,2.4169624,3.2550619,3.5030808,3.826761,3.8673978,4.7284536,4.5704145,2.88519,2.1656082,0.68521655,0.25518605,0.50926125,2.600107,4.2394433,6.6644807,7.5184608,7.6783986,7.8215985,8.330146,8.875426,7.1132784,6.309862,5.143463,4.481823,2.9207513,0.30742824,1.3112394,4.0328393,5.048429,4.810192,5.3356857,5.5820236,0.1395506,0.8825954,6.473315,-8.875426,0
6.192529,6.075558,4.426262,3.6049802,2.6488674,0.7801486,0.5999319,-0.31776756,-0.5928629,-2.5461867,-4.2545085,-5.873995,-7.916648,-9.3599,-8.773444,-7.8312564,-7.386364,-6.4890723,-4.97017,-3.6903508,-3.464325,-0.8775059,-2.4388332,-3.8858771,-4.538926,-5.721658,-5.487407,-5.953436,-5.6167984,-3.5475864,-2.2541485,-0.3936764,0.4802817,1.0581106,2.7835257,3.6179914,5.4887543,5.800845,5.7522974,5.8568854,6.192529,6.075558,4.426262,3.6049802,2.6488674,0.7801486,0.5999319,0.31776756,0.5928629,2.5461867,4.2545085,5.873995,7.916648,9.3599,8.773444,7.8312564,7.386364,6.4890723,4.97017,3.6903508,3.464325,0.8775059,2.4388332,3.8858771,4.538926,5.721658,5.487407,5.953436,5.6167984,3.5475864,2.2541485,0.3936764,0.4802817,1.0581106,2.7835257,3.6179914,5.4887543,5.800845,5.7522974,5.8568854,0.14642213,0.9260549,6.192529,-9.3599,0
6.39117,-0.49117723,-0.09957725,0.10035339,0.67726827,1.622604,2.4836226,3.1411796,3.8737514,4.398932,5.2189064,4.7764497,3.4376824,2.8494635,1.8906722,0.131561,0.057045773,-0.70428085,-0.90069056,-2.6700573,-4.3538094,-5.8168955,-7.7499266,-9.101977,-8.522659,-7.412035,-6.7827263,-6.3931932,-4.259705,-3.627535,-2.9604301,-2.7084417,-0.6849246,1.2040883,2.5401373,5.1116233,5.9076767,5.4991183,6.216382,5.9460263,6.39117,0.49117723,0.09957725,0.10035339,0.67726827,1.622604,2.4836226,3.1411796,3.8737514,4.398932,5.2189064,4.7764497,3.4376824,2.8494635,1.8906722,0.131561,0.057045773,0.70428085,0.90069056,2.6700573,4.3538094,5.8168955,7.7499266,9.101977,8.522659,7.412035,6.7827263,6.3931932,4.259705,3.627535,2.9604301,2.7084417,0.6849246,1.2040883,2.5401373,5.1116233,5.9076767,5.4991183,6.216382,5.9460263,0.14865066,0.9401493,6.39117,-9.101977,0
6.3342767,5.4820495,5.2290106,4.693352,4.9574776,3.87769,1.3633591,-0.10936889,-2.8691437,-4.5222006,-4.767517,-4.954813,-0.08555477,1.1381135,1.9186105,1.4160342,1.5523278,0.45865163,-0.05344871,-0.92329645,-2.7880194,-4.4053826,-6.478617,-7.219994,-7.32603,-7.5532894,-8.116096,-8.606911,-6.890085,-5.916781,-4.423777,-3.7385798,-2.4274158,-0.22071451,1.269385,3.7358415,4.8986783,4.64918,5.1324763,5.350011,6.3342767,5.4820495,5.2290106,4.693352,4.9574776,3.87769,1.3633591,0.10936889,2.8691437,4.5222006,4.767517,4.954813,0.08555477,1.1381135,1.9186105,1.4160342,1.5523278,0.45865163,0.05344871,0.92329645,2.7880194,4.4053826,6.478617,7.219994,7.32603,7.5532894,8.116096,8.606911,6.890085,5.916781,4.423777,3.7385798,2.4274158,0.22071451,1.269385,3.7358415,4.8986783,4.64918,5.1324763,5.350011,0.13375027,0.84591097,6.3342767,-8.606911,0
6.7969,5.878831,4.211341,3.3576891,2.0882492,0.02485124,-0.14879245,-1.0858026,-1.3458313,-3.407198,-4.915712,-6.3654027,-8.77985,-9.108783,-8.17217,0.21357445,-0.6968351,-0.98550195,-1.6759304,-2.6233304,-3.7658045,-4.758445,-5.979912,-7.34414,-7.0282593,-6.9774823,-7.242825,-7.116711,-6.0240707,-3.2000759,-1.3413869,0.66273963,2.0022721,1.6935053,2.293559,2.9079065,4.3066163,4.803883,5.2999244,6.088091,6.7969,5.878831,4.211341,3.3576891,2.0882492,0.02485124,0.14879245,1.0858026,1.3458313,3.407198,4.915712,6.3654027,8.77985,9.108783,8.17217,0.21357445,0.6968351,0.98550195,1.6759304,2.6233304,3.7658045,4.758445,5.979912,7.34414,7.0282593,6.9774823,7.242825,7.116711,6.0240707,3.2000759,1.3413869,0.66273963,2.0022721,1.6935053,2.293559,2.9079065,4.3066163,4.803883,5.2999244,6.088091,0.15220228,0.9626117,6.7969,-9.108783,0
5.205808,5.1569157,4.901751,4.8128033,4.074003,2.8008795,2.7486732,1.9532963,1.9844794,0.43064514,-2.0212905,-3.6235561,-5.970225,-7.2921066,-7.2140493,-7.289043,-7.659061,-8.6107435,-7.254886,-6.7326255,-6.1083603,-5.567263,-3.7051344,-1.2708364,0.35238868,3.3110871,4.3082743,3.9297466,4.3324766,-0.611918,-1.6254879,-2.1321623,-1.2568853,-0.97422194,-0.4537843,0.3811331,1.4187564,2.1551113,2.798155,4.130234,5.205808,5.1569157,4.901751,4.8128033,4.074003,2.8008795,2.7486732,1.9532963,1.9844794,0.43064514,2.0212905,3.6235561,5.970225,7.2921066,7.2140493,7.289043,7.659061,8.6107435,7.254886,6.7326255,6.1083603,5.567263,3.7051344,1.2708364,0.35238868,3.3110871,4.3082743,3.9297466,4.3324766,0.611918,1.6254879,2.1321623,1.2568853,0.97422194,0.4537843,0.3811331,1.4187564,2.1551113,2.798155,4.130234,0.103255846,0.65304726,5.205808,-8.6107435,0
5.780288,4.8395576,4.6519427,4.00602,4.0264797,2.501777,-0.05340114,-1.6966316,-4.0210905,-5.2167263,-5.9274764,-7.291889,-7.2936535,-8.168649,0.14227189,-0.44589508,-0.10229355,-0.39569962,-0.7518809,-1.760949,-3.3410506,-4.9636855,-6.23527,-7.5100994,-7.2837443,-6.390792,-6.0796156,-5.814322,-4.0597878,-3.5920236,-2.885724,-2.6423237,-0.78889906,1.0634067,2.4224653,4.663115,5.745151,5.3437495,5.316503,5.324204,5.780288,4.8395576,4.6519427,4.00602,4.0264797,2.501777,0.05340114,1.6966316,4.0210905,5.2167263,5.9274764,7.291889,7.2936535,8.168649,0.14227189,0.44589508,0.10229355,0.39569962,0.7518809,1.760949,3.3410506,4.9636855,6.23527,7.5100994,7.2837443,6.390792,6.0796156,5.814322,4.0597878,3.5920236,2.885724,2.6423237,0.78889906,1.0634067,2.4224653,4.663115,5.745151,5.3437495,5.316503,5.324204,0.1331051,0.84183055,5.780288,-8.168649,0
6.072601,5.7667623,-0.41830236,-0.78243196,-0.95612395,-0.34393564,1.25284,2.856014,4.0812726,4.5563273,4.5619063,4.662145,5.1258316,5.2360177,4.005193,3.611642,2.56791,2.469059,1.5979074,-0.84297067,-2.5365407,-4.878415,-6.2921624,-6.491256,-7.032254,-7.5816393,-8.714247,-7.6897807,-7.434613,-7.067617,-6.9036727,-5.4323244,-2.8544817,-0.8540516,1.7424451,3.2696059,3.260972,3.9910312,4.1134505,5.6296945,6.072601,5.7667623,0.41830236,0.78243196,0.95612395,0.34393564,1.25284,2.856014,4.0812726,4.5563273,4.5619063,4.662145,5.1258316,5.2360177,4.005193,3.611642,2.56791,2.469059,1.5979074,0.84297067,2.5365407,4.878415,6.2921624,6.491256,7.032254,7.5816393,8.714247,7.6897807,7.434613,7.067617,6.9036727,5.4323244,2.8544817,0.8540516,1.7424451,3.2696059,3.260972,3.9910312,4.1134505,5.6296945,0.14074236,0.89013284,6.072601,-8.714247,0
5.847523,5.3682227,5.3194547,5.303848,5.7221246,4.6662216,2.2422976,0.9459806,-1.0384797,-2.935314,-3.1500247,-3.8674767,-4.5848246,-6.532691,-7.1973195,-7.444095,-9.041498,-9.197544,-8.650383,-0.24182318,-1.4782841,-2.5080636,-3.3829064,-4.729623,-5.498613,-5.418696,-6.0883155,-6.72334,-5.630367,-5.508615,-5.0600452,-5.0270405,-3.5121565,-1.3030975,0.3169331,2.8134131,4.0994844,3.986281,4.5591,4.8150353,5.847523,5.3682227,5.3194547,5.303848,5.7221246,4.6662216,2.2422976,0.9459806,1.0384797,2.935314,3.1500247,3.8674767,4.5848246,6.532691,7.1973195,7.444095,9.041498,9.197544,8.650383,0.24182318,1.4782841,2.5080636,3.3829064,4.729623,5.498613,5.418696,6.0883155,6.72334,5.630367,5.508615,5.0600452,5.0270405,3.5121565,1.3030975,0.3169331,2.8134131,4.0994844,3.986281,4.5591,4.8150353,0.12037589,0.7613239,5.847523,-9.197544,0
5.858044,4.803802,2.383551,1.1900244,-0.73104864,-2.642189,-2.8882713,-3.6748238,-4.275758,-6.1773014,-6.7576976,-7.618028,-9.187523,-8.918403,-7.760895,-7.703637,-0.74595356,-1.6455,-2.6192818,-3.837462,-4.8643546,-5.161409,-6.391254,-7.170149,-6.0337462,-5.780276,-5.077196,-4.947182,-3.815928,-1.5891114,0.11486827,2.6168277,3.9131694,3.8601367,4.4322987,4.6431484,5.712594,5.3594227,5.3852,5.375825,5.858044,4.803802,2.383551,1.1900244,0.73104864,2.642189,2.8882713,3.6748238,4.275758,6.1773014,6.7576976,7.618028,9.187523,8.918403,7.760895,7.703637,0.74595356,1.6455,2.6192818,3.837462,4.8643546,5.161409,6.391254,7.170149,6.0337462,5.780276,5.077196,4.947182,3.815928,1.5891114,0.11486827,2.6168277,3.9131694,3.8601367,4.4322987,4.6431484,5.712594,5.3594227,5.3852,5.375825,0.13439563,0.8499926,5.858044,-9.187523,0
6.035056,4.96652,4.501306,3.493288,3.5054924,2.530306,-0.17031191,-1.7798343,-3.901473,-5.4536247,-5.57569,-6.2433743,-6.933951,-8.465154,-7.715049,-7.7115884,-7.597965,-7.5399394,-6.0823116,-3.657496,-1.7075161,0.83965987,2.2794123,2.7484024,3.817489,3.3866274,-1.5175138,-2.64311,-2.4528084,-2.6968777,-1.9703165,-1.3414901,-0.44094354,1.2641672,2.5751417,4.304244,4.764672,4.6976943,5.0268707,5.4921165,6.035056,4.96652,4.501306,3.493288,3.5054924,2.530306,0.17031191,1.7798343,3.901473,5.4536247,5.57569,6.2433743,6.933951,8.465154,7.715049,7.7115884,7.597965,7.5399394,6.0823116,3.657496,1.7075161,0.83965987,2.2794123,2.7484024,3.817489,3.3866274,1.5175138,2.64311,2.4528084,2.6968777,1.9703165,1.3414901,0.44094354,1.2641672,2.5751417,4.304244,4.764672,4.6976943,5.0268707,5.4921165,0.1373029,0.86837983,6.035056,-8.465154,0
6.035575,5.8613415,-0.1616049,0.4562108,1.382048,2.2450325,3.5433934,4.1780543,3.8593829,4.062325,3.9534009,2.8846536,2.9717495,2.299266,2.3183973,1.0315748,-1.3619636,-3.153756,-5.480001,-6.7883883,-6.9886146,-7.3294888,-7.7248454,-8.679207,-7.509877,-7.1207952,-6.497877,-6.335749,-4.9202366,-2.512307,-0.66215116,2.0444865,3.6432903,3.6167872,4.3373756,4.5167217,5.7084823,5.5694094,5.2211566,5.9211493,6.035575,5.8613415,0.1616049,0.4562108,1.382048,2.2450325,3.5433934,4.1780543,3.8593829,4.062325,3.9534009,2.8846536,2.9717495,2.299266,2.3183973,1.0315748,1.3619636,3.153756,5.480001,6.7883883,6.9886146,7.3294888,7.7248454,8.679207,7.509877,7.1207952,6.497877,6.335749,4.9202366,2.512307,0.66215116,2.0444865,3.6432903,3.6167872,4.3373756,4.5167217,5.7084823,5.5694094,5.2211566,5.9211493,0.14802873,0.93621594,6.035575,-8.679207,0
6.3305187,5.632665,4.414999,3.861374,3.0873084,1.4411584,1.3709972,0.48020184,0.26940957,-1.5676986,-3.5336246,-5.148623,-7.369844,-8.868883,-8.533446,-7.7504215,-7.46791,-7.3829856,-5.4297557,-4.700461,-4.013922,-3.5229552,-1.3989544,0.6900735,2.4633355,4.9478755,4.798862,-1.7896823,-2.896342,-2.4536273,-2.136472,-1.1620305,0.5829073,0.80400807,1.3452336,1.6023867,3.0739832,3.7869022,4.5844336,5.5411363,6.3305187,5.632665,4.414999,3.861374,3.0873084,1.4411584,1.3709972,0.48020184,0.26940957,1.5676986,3.5336246,5.148623,7.369844,8.868883,8.533446,7.7504215,7.46791,7.3829856,5.4297557,4.700461,4.013922,3.5229552,1.3989544,0.6900735,2.4633355,4.9478755,4.798862,1.7896823,2.896342,2.4536273,2.136472,1.1620305,0.5829073,0.80400807,1.3452336,1.6023867,3.0739832,3.7869022,4.5844336,5.5411363,0.1385284,0.8761306,6.3305187,-8.868883,0
5.7782316,5.3065176,5.3365445,5.220463,5.643637,4.586275,2.4035628,1.1221969,-0.86840886,-2.8735266,-3.096159,-3.8300216,-4.298234,-6.1476555,-6.721808,-7.682625,-8.806079,-9.559298,-8.216272,-6.322657,-3.5657694,-1.6894455,-1.4963491,-0.6792694,-1.9857934,-3.1080916,-4.9853053,-5.778967,-4.9156127,-4.954261,-4.45825,-4.425584,-3.415125,-1.2655668,0.35580423,2.6466854,4.0225015,3.8804958,4.461683,4.7935166,5.7782316,5.3065176,5.3365445,5.220463,5.643637,4.586275,2.4035628,1.1221969,0.86840886,2.8735266,3.096159,3.8300216,4.298234,6.1476555,6.721808,7.682625,8.806079,9.559298,8.216272,6.322657,3.5657694,1.6894455,1.4963491,0.6792694,1.9857934,3.1080916,4.9853053,5.778967,4.9156127,4.954261,4.45825,4.425584,3.415125,1.2655668,0.35580423,2.6466854,4.0225015,3.8804958,4.461683,4.7935166,0.11983792,0.7579215,5.7782316,-9.559298,0
6.232141,6.035683,5.9951663,6.1790156,6.016397,4.0875993,3.053456,1.3632059,0.84822905,-0.16412789,-2.5986474,-4.131715,-6.5554357,-7.574276,-7.562311,-8.3005705,-7.937248,-0.063965,-0.0102248555,-1.036778,-1.4046286,-2.064189,-3.131312,-4.3314657,-5.147862,-6.3024716,-7.6902623,-7.29904,-7.3324256,-7.115567,-7.148075,-6.289072,-3.8747382,-2.1625075,0.22949983,1.1683121,1.7333075,3.4057004,4.31116,6.00221,6.232141,6.035683,5.9951663,6.1790156,6.016397,4.0875993,3.053456,1.3632059,0.84822905,0.16412789,2.5986474,4.131715,6.5554357,7.574276,7.562311,8.3005705,7.937248,0.063965,0.0102248555,1.036778,1.4046286,2.064189,3.131312,4.3314657,5.147862,6.3024716,7.6902623,7.29904,7.3324256,7.115567,7.148075,6.289072,3.8747382,2.1625075,0.22949983,1.1683121,1.7333075,3.4057004,4.31116,6.00221,0.15005526,0.9490328,6.232141,-8.3005705,0
5.678368,5.535175,3.9077675,3.3443313,2.0185342,1.7363987,0.7526134,-1.7940831,-3.500941,-5.8985133,-7.078643,-7.2308707,-7.6642756,-8.147702,-8.962533,-7.4845557,-6.9667525,-6.717519,-4.745208,-4.1603603,-3.4664614,-3.1186953,-0.92883825,0.96779275,2.626671,5.3202868,5.671099,4.5391517,-1.3441763,-1.0565448,-1.2184066,-0.69920915,0.029811503,0.962139,2.150232,3.2051563,4.75066,5.155847,5.2471604,5.313021,5.678368,5.535175,3.9077675,3.3443313,2.0185342,1.7363987,0.7526134,1.7940831,3.500941,5.8985133,7.078643,7.2308707,7.6642756,8.147702,8.962533,7.4845557,6.9667525,6.717519,4.745208,4.1603603,3.4664614,3.1186953,0.92883825,0.96779275,2.626671,5.3202868,5.671099,4.5391517,1.3441763,1.0565448,1.2184066,0.69920915,0.029811503,0.962139,2.150232,3.2051563,4.75066,5.155847,5.2471604,5.313021,0.13282552,0.8400624,5.678368,-8.962533,0
6.621358,5.9743986,5.664097,5.237045,5.635529,4.06641,2.154727,0.43166414,-0.94908285,0.40310603,1.6987555,2.6660924,2.6685996,3.2522783,2.8478694,1.8216351,2.020563,1.377429,1.2378166,-0.13352521,-2.1678944,-3.8396065,-6.1382966,-7.4825225,-7.4045887,-7.213931,-7.348213,-7.908784,-6.444445,-6.172786,-5.5632644,-5.288503,-3.5844355,-1.2742702,0.46796936,3.2932706,4.4843345,4.334836,5.093279,5.470659,6.621358,5.9743986,5.664097,5.237045,5.635529,4.06641,2.154727,0.43166414,0.94908285,0.40310603,1.6987555,2.6660924,2.6685996,3.2522783,2.8478694,1.8216351,2.020563,1.377429,1.2378166,0.13352521,2.1678944,3.8396065,6.1382966,7.4825225,7.4045887,7.213931,7.348213,7.908784,6.444445,6.172786,5.5632644,5.288503,3.5844355,1.2742702,0.46796936,3.2932706,4.4843345,4.334836,5.093279,5.470659,0.13676646,0.8649871,6.621358,-7.908784,0
5.618879,4.9937177,2.6327424,1.5021755,-0.59926295,-1.2950534,-2.1004477,-4.283814,-5.885646,-8.299642,-8.659377,-8.549978,-8.509796,-8.759273,-8.869011,-6.428439,-4.812976,-3.0625753,-2.1978996,-1.0861766,1.2542335,2.9016006,5.375208,5.292497,-0.73922527,-2.2016642,-2.853187,-3.7247846,-3.4218276,-1.6150558,-0.06509848,1.7742926,2.884576,3.231037,3.9975314,4.4965806,5.5287385,5.2347264,5.246013,5.158078,5.618879,4.9937177,2.6327424,1.5021755,0.59926295,1.2950534,2.1004477,4.283814,5.885646,8.299642,8.659377,8.549978,8.509796,8.759273,8.869011,6.428439,4.812976,3.0625753,2.1978996,1.0861766,1.2542335,2.9016006,5.375208,5.292497,0.73922527,2.2016642,2.853187,3.7247846,3.4218276,1.6150558,0.06509848,1.7742926,2.884576,3.231037,3.9975314,4.4965806,5.5287385,5.2347264,5.246013,5.158078,0.12895195,0.8155638,5.618879,-8.869011,0
6.5025187,5.788049,5.5961943,5.318829,5.077843,0.19617744,0.74196875,1.8419213,2.7799213,3.1330943,3.6931908,3.7781384,4.46071,4.0177016,2.0852315,1.1550126,-0.28161886,-2.1799212,-2.3474302,-2.9509308,-3.3791862,-5.1816096,-6.094193,-7.1445236,-8.946858,-8.42939,-8.22134,-7.863397,-7.8548374,-7.07264,-4.57528,-2.7074664,-0.2328826,0.85301965,1.4914366,3.23256,4.181966,6.150818,6.3632183,6.2082825,6.5025187,5.788049,5.5961943,5.318829,5.077843,0.19617744,0.74196875,1.8419213,2.7799213,3.1330943,3.6931908,3.7781384,4.46071,4.0177016,2.0852315,1.1550126,0.28161886,2.1799212,2.3474302,2.9509308,3.3791862,5.1816096,6.094193,7.1445236,8.946858,8.42939,8.22134,7.863397,7.8548374,7.07264,4.57528,2.7074664,0.2328826,0.85301965,1.4914366,3.23256,4.181966,6.150818,6.3632183,6.2082825,0.15520707,0.98161566,6.5025187,-8.946858,0
6.8419785,6.2288356,5.5704923,5.16509,4.851335,3.6862276,2.5650368,2.2599125,2.4321778,2.2150793,0.8312579,1.485799,2.7237244,3.125608,4.03766,3.7174163,2.0171144,1.3462998,0.36796996,-1.4181572,-1.4653318,-2.1827853,-2.6303484,-4.5527687,-5.7438526,-7.0189986,-8.435009,-9.433234,-8.394723,-6.630129,-5.43772,-4.4965773,-2.4971602,-1.9880021,-1.194432,-0.9676852,1.1661128,2.7566516,3.80472,5.806827,6.8419785,6.2288356,5.5704923,5.16509,4.851335,3.6862276,2.5650368,2.2599125,2.4321778,2.2150793,0.8312579,1.485799,2.7237244,3.125608,4.03766,3.7174163,2.0171144,1.3462998,0.36796996,1.4181572,1.4653318,2.1827853,2.6303484,4.5527687,5.7438526,7.0189986,8.435009,9.433234,8.394723,6.630129,5.43772,4.4965773,2.4971602,1.9880021,1.194432,0.9676852,1.1661128,2.7566516,3.80472,5.806827,0.14517067,0.91814,6.8419785,-9.433234,0
6.508166,6.5052967,5.810805,6.0394344,5.834295,6.0124497,-1.1327021,-2.4792767,-2.9889307,-1.7906278,-0.6108911,0.79448146,2.095857,2.5380855,3.173984,3.5079458,4.449238,4.5008044,4.8721666,5.3872995,6.1583953,5.436782,3.4428089,2.3034086,0.43836495,0.0048692967,-1.5418186,-3.3890982,-4.1554365,-7.233794,-7.2582116,-6.9321566,-6.389127,-3.1781378,-1.3870914,1.4405828,2.7065663,3.12891,4.4582872,4.9956093,6.508166,6.5052967,5.810805,6.0394344,5.834295,6.0124497,1.1327021,2.4792767,2.9889307,1.7906278,0.6108911,0.79448146,2.095857,2.5380855,3.173984,3.5079458,4.449238,4.5008044,4.8721666,5.3872995,6.1583953,5.436782,3.4428089,2.3034086,0.43836495,0.0048692967,1.5418186,3.3890982,4.1554365,7.233794,7.2582116,6.9321566,6.389127,3.1781378,1.3870914,1.4405828,2.7065663,3.12891,4.4582872,4.9956093,0.12489023,0.78987515,6.508166,-7.2582116,0
6.176757,5.4110475,5.204012,4.8643823,5.097272,4.2221065,1.7650496,0.4115848,-1.9024905,-3.0174181,-3.7124205,-5.4383607,-6.7725253,-8.866508,-8.731097,-8.556073,-8.463767,-8.576413,-8.137999,-5.42732,-3.6018488,-1.1346425,0.35811746,0.7310089,0.9910821,-0.7394367,-2.4669292,-3.6944032,-3.4630885,-4.0534687,-3.5173943,-3.3731952,-2.2157078,-0.27608818,1.1768703,3.2897258,4.283918,4.2421527,4.915217,5.3077826,6.176757,5.4110475,5.204012,4.8643823,5.097272,4.2221065,1.7650496,0.4115848,1.9024905,3.0174181,3.7124205,5.4383607,6.7725253,8.866508,8.731097,8.556073,8.463767,8.576413,8.137999,5.42732,3.6018488,1.1346425,0.35811746,0.7310089,0.9910821,0.7394367,2.4669292,3.6944032,3.4630885,4.0534687,3.5173943,3.3731952,2.2157078,0.27608818,1.1768703,3.2897258,4.283918,4.2421527,4.915217,5.3077826,0.13269457,0.8392341,6.176757,-8.866508,0
5.979127,5.7493024,-0.3587608,-0.8450088,-0.27079603,-0.13536666,0.6308952,1.5401332,2.6891508,3.3492637,4.0265603,4.927113,5.777892,5.2388844,4.3098807,3.7843912,3.0519695,1.3843892,1.254735,0.38348103,0.2615364,-1.5321527,-3.4180355,-4.9901605,-7.3053594,-8.065807,-8.082535,-8.301196,-8.757948,-9.09483,-7.031541,-5.8011875,-4.348611,-3.573359,-2.047791,0.3643863,1.8693063,4.4356008,5.33924,5.182161,5.979127,5.7493024,0.3587608,0.8450088,0.27079603,0.13536666,0.6308952,1.5401332,2.6891508,3.3492637,4.0265603,4.927113,5.777892,5.2388844,4.3098807,3.7843912,3.0519695,1.3843892,1.254735,0.38348103,0.2615364,1.5321527,3.4180355,4.9901605,7.3053594,8.065807,8.082535,8.301196,8.757948,9.09483,7.031541,5.8011875,4.348611,3.573359,2.047791,0.3643863,1.8693063,4.4356008,5.33924,5.182161,0.12955402,0.8193716,5.979127,-9.09483,0
6.827484,6.0317397,4.770881,4.197955,3.3445349,1.4245763,1.0913227,0.15073799,-0.059614472,-1.7974982,-3.659614,-5.2436876,-7.8697553,-8.745059,-8.512199,-9.193532,-8.761338,-0.16846138,-0.51618546,-1.8231163,-2.5805287,-3.2936811,-4.378881,-5.533154,-5.8061767,-6.6936865,-7.2990236,-7.988301,-7.1410065,-5.0820727,-3.5208569,-1.6933186,0.08141711,0.36400104,1.2743456,1.4213136,3.2813375,4.2212744,4.921793,6.0606523,6.827484,6.0317397,4.770881,4.197955,3.3445349,1.4245763,1.0913227,0.15073799,0.059614472,1.7974982,3.659614,5.2436876,7.8697553,8.745059,8.512199,9.193532,8.761338,0.16846138,0.51618546,1.8231163,2.5805287,3.2936811,4.378881,5.533154,5.8061767,6.6936865,7.2990236,7.988301,7.1410065,5.0820727,3.5208569,1.6933186,0.08141711,0.36400104,1.2743456,1.4213136,3.2813375,4.2212744,4.921793,6.0606523,0.1515163,0.95827323,6.827484,-9.193532,0
6.1291366,5.6036134,5.4483414,5.4139624,5.7103214,4.785257,3.6262197,3.4888523,3.5028327,3.3656597,0.8767971,1.6219884,2.7598548,3.25093,4.201743,4.1732564,2.8400738,2.4057832,1.4716612,-0.17561367,-0.18094145,-0.78444386,-1.1324463,-2.9682412,-4.6248875,-6.0859776,-7.9005876,-9.147724,-8.565061,-7.3083224,-6.665283,-6.1998425,-4.1845536,-3.59579,-2.8700743,-2.5158346,-0.39843535,1.556448,2.690476,5.037278,6.1291366,5.6036134,5.4483414,5.4139624,5.7103214,4.785257,3.6262197,3.4888523,3.5028327,3.3656597,0.8767971,1.6219884,2.7598548,3.25093,4.201743,4.1732564,2.8400738,2.4057832,1.4716612,0.17561367,0.18094145,0.78444386,1.1324463,2.9682412,4.6248875,6.0859776,7.9005876,9.147724,8.565061,7.3083224,6.665283,6.1998425,4.1845536,3.59579,2.8700743,2.5158346,0.39843535,1.556448,2.690476,5.037278,0.12593195,0.7964636,6.1291366,-9.147724,0
5.972941,5.608389,-0.48541886,-0.7296339,-0.7972713,-0.12046236,1.4468242,2.9017622,4.2133007,4.7427125,4.878221,5.0165315,5.4801097,5.552347,4.2284274,3.7502663,2.947075,1.1920964,1.0097591,0.034250244,-0.085909024,-1.8183337,-3.67623,-5.273048,-7.418268,-8.691631,-8.260319,-7.6545486,-7.4429274,-7.5429583,-5.6459837,-5.0633583,-4.2983594,-3.9646745,-1.9712901,0.12723856,1.6693351,4.3801894,5.347011,5.1330066,5.972941,5.608389,0.48541886,0.7296339,0.7972713,0.12046236,1.4468242,2.9017622,4.2133007,4.7427125,4.878221,5.0165315,5.4801097,5.552347,4.2284274,3.7502663,2.947075,1.1920964,1.0097591,0.034250244,0.085909024,1.8183337,3.67623,5.273048,7.418268,8.691631,8.260319,7.6545486,7.4429274,7.5429583,5.6459837,5.0633583,4.2983594,3.9646745,1.9712901,0.12723856,1.6693351,4.3801894,5.347011,5.1330066,0.12832516,0.8115996,5.972941,-8.691631,0
6.976444,6.1484404,4.940598,4.153234,3.251023,1.3882102,1.2318674,0.45994622,0.2859817,-1.6189958,-3.6277897,-5.3710403,-7.7863073,-8.506014,-8.16042,-8.845546,-8.488363,-0.5230225,-0.7642795,-1.9255506,-2.5406458,-3.22198,-4.301493,-5.3007255,-5.677894,-6.6294694,-7.154102,-7.977666,-7.0823812,-4.8153863,-3.2282798,-1.5651658,0.2563442,0.5112447,1.3700213,1.5162107,3.3694315,4.247872,4.8764033,6.1187463,6.976444,6.1484404,4.940598,4.153234,3.251023,1.3882102,1.2318674,0.45994622,0.2859817,1.6189958,3.6277897,5.3710403,7.7863073,8.506014,8.16042,8.845546,8.488363,0.5230225,0.7642795,1.9255506,2.5406458,3.22198,4.301493,5.3007255,5.677894,6.6294694,7.154102,7.977666,7.0823812,4.8153863,3.2282798,1.5651658,0.2563442,0.5112447,1.3700213,1.5162107,3.3694315,4.247872,4.8764033,6.1187463,0.15296866,0.9674587,6.976444,-8.845546,0
6.4695387,-0.68774116,-0.21638016,0.38200697,1.3135344,2.606249,3.4514084,3.7357085,4.177729,4.97036,4.5562553,4.7161164,4.25191,4.5994186,3.6772377,1.3235288,0.26072776,-1.8202837,-2.918246,-3.7112644,-5.3987117,-6.669033,-8.644921,-8.541653,-8.4288,-8.384709,-8.594904,-8.204926,-5.5991626,-3.848432,-1.6507707,-0.7324062,0.27124253,2.3258076,3.5365176,5.8633423,6.4134126,5.8765025,6.386941,6.0683694,6.4695387,0.68774116,0.21638016,0.38200697,1.3135344,2.606249,3.4514084,3.7357085,4.177729,4.97036,4.5562553,4.7161164,4.25191,4.5994186,3.6772377,1.3235288,0.26072776,1.8202837,2.918246,3.7112644,5.3987117,6.669033,8.644921,8.541653,8.4288,8.384709,8.594904,8.204926,5.5991626,3.848432,1.6507707,0.7324062,0.27124253,2.3258076,3.5365176,5.8633423,6.4134126,5.8765025,6.386941,6.0683694,0.15170923,0.95949346,6.4695387,-8.644921,0
5.953531,5.6227994,4.8977227,4.6040664,4.103026,2.6081166,2.552356,1.7605717,1.6705443,-0.021697313,-2.4250824,-4.042776,-6.3396883,-7.6432843,-7.486548,-7.4818497,-7.7260785,-8.4199295,-6.8668637,-6.4313593,-5.803092,-5.335902,-3.3929698,-0.9601384,0.7486508,3.7791011,4.760537,4.3110147,4.703699,-0.07338975,-0.9888279,-1.6299411,-0.9503465,-0.74263275,0.0024007251,0.5383893,1.6919794,2.7474592,3.6129591,4.986001,5.953531,5.6227994,4.8977227,4.6040664,4.103026,2.6081166,2.552356,1.7605717,1.6705443,0.021697313,2.4250824,4.042776,6.3396883,7.6432843,7.486548,7.4818497,7.7260785,8.4199295,6.8668637,6.4313593,5.803092,5.335902,3.3929698,0.9601384,0.7486508,3.7791011,4.760537,4.3110147,4.703699,0.07338975,0.9888279,1.6299411,0.9503465,0.74263275,0.0024007251,0.5383893,1.6919794,2.7474592,3.6129591,4.986001,0.124650024,0.78835595,5.953531,-8.4199295,0
6.166276,5.6991444,5.6013737,5.498251,5.913395,4.8289576,2.8017545,0.38588098,-1.7334349,-1.9948411,-0.025911309,0.66231227,1.1169755,2.4105911,2.8958044,1.7490046,1.726369,1.1412812,1.0958848,-0.011030611,-2.0331216,-3.6518137,-5.7638736,-7.0823183,-7.030282,-7.095793,-7.4412603,-8.298516,-7.068131,-6.694564,-6.1247807,-5.82167,-4.143951,-1.7154766,0.11616318,2.7200027,4.092668,3.9678342,4.6808453,4.961672,6.166276,5.6991444,5.6013737,5.498251,5.913395,4.8289576,2.8017545,0.38588098,1.7334349,1.9948411,0.025911309,0.66231227,1.1169755,2.4105911,2.8958044,1.7490046,1.726369,1.1412812,1.0958848,0.011030611,2.0331216,3.6518137,5.7638736,7.0823183,7.030282,7.095793,7.4412603,8.298516,7.068131,6.694564,6.1247807,5.82167,4.143951,1.7154766,0.11616318,2.7200027,4.092668,3.9678342,4.6808453,4.961672,0.124041796,0.7845092,6.166276,-8.298516,0
6.2094393,5.1588755,3.245246,1.0460324,-0.88819116,-1.1842853,-0.26932085,0.49717095,1.2352123,2.6373997,3.2828526,2.5725312,2.4867854,1.7088032,1.5892743,0.78127104,-1.461052,-3.1911418,-5.2381325,-6.4074545,-6.5425034,-6.9398637,-7.672093,-8.617189,-7.4594603,-7.049713,-6.412605,-6.206806,-4.777205,-2.3446891,-0.45744395,2.256922,3.6993697,3.544856,4.265796,4.5410433,5.9010267,5.4840117,5.575539,5.7607183,6.2094393,5.1588755,3.245246,1.0460324,0.88819116,1.1842853,0.26932085,0.49717095,1.2352123,2.6373997,3.2828526,2.5725312,2.4867854,1.7088032,1.5892743,0.78127104,1.461052,3.1911418,5.2381325,6.4074545,6.5425034,6.9398637,7.672093,8.617189,7.4594603,7.049713,6.412605,6.206806,4.777205,2.3446891,0.45744395,2.256922,3.6993697,3.544856,4.265796,4.5410433,5.9010267,5.4840117,5.575539,5.7607183,0.14401796,0.9108495,6.2094393,-8.617189,0
5.686681,4.5995164,2.3309703,1.0895712,-0.56527364,-2.4990554,-2.6800551,-3.4532075,-3.8897152,-5.8411446,-6.5424275,-7.562063,-8.767337,-9.647242,-8.406589,-6.279343,-4.64558,-3.0815852,-1.2826996,0.009360156,0.9202362,0.5783035,1.2292688,-1.0056847,-1.2279749,-2.704025,-3.1714509,-3.61091,-2.999493,-1.0838716,0.35289866,2.0901632,3.3491242,3.3716564,4.0190444,4.351222,5.326341,5.1522202,5.3429866,5.2947707,5.686681,4.5995164,2.3309703,1.0895712,0.56527364,2.4990554,2.6800551,3.4532075,3.8897152,5.8411446,6.5424275,7.562063,8.767337,9.647242,8.406589,6.279343,4.64558,3.0815852,1.2826996,0.009360156,0.9202362,0.5783035,1.2292688,1.0056847,1.2279749,2.704025,3.1714509,3.61091,2.999493,1.0838716,0.35289866,2.0901632,3.3491242,3.3716564,4.0190444,4.351222,5.326341,5.1522202,5.3429866,5.2947707,0.13236926,0.83717674,5.686681,-9.647242,0
6.5452385,6.0772057,5.692113,5.522006,5.4175344,4.385476,3.1374846,2.8115983,2.8930032,2.6851745,0.52872413,1.2517828,2.3683736,2.9519806,3.995305,3.7582135,2.2479942,1.7835649,0.94285995,-0.8581201,-0.9281824,-1.5291109,-2.0154061,-3.8570116,-5.180041,-6.454861,-8.032628,-9.233671,-8.427326,-6.9665556,-6.0881267,-5.42012,-3.419477,-2.7242408,-1.8085546,-1.4974071,0.5287957,2.17839,3.2331598,5.359843,6.5452385,6.0772057,5.692113,5.522006,5.4175344,4.385476,3.1374846,2.8115983,2.8930032,2.6851745,0.52872413,1.2517828,2.3683736,2.9519806,3.995305,3.7582135,2.2479942,1.7835649,0.94285995,0.8581201,0.9281824,1.5291109,2.0154061,3.8570116,5.180041,6.454861,8.032628,9.233671,8.427326,6.9665556,6.0881267,5.42012,3.419477,2.7242408,1.8085546,1.4974071,0.5287957,2.17839,3.2331598,5.359843,0.13399607,0.8474656,6.5452385,-9.233671,0
6.035072,5.604762,5.4784007,5.4828696,5.98227,4.8687544,4.5842557,3.838994,4.0094805,2.56827,0.06990295,-1.3217903,-4.207708,-5.681961,-5.7824006,-6.098845,-0.20859782,0.5572446,0.6815934,1.0164015,0.3723782,-1.7554699,-3.384237,-5.143268,-6.2436256,-6.4847236,-6.794131,-7.55315,-8.283491,-7.0321164,-6.681537,-6.42149,-4.59741,-4.023823,-3.2597,-2.9800086,-0.9887167,0.95022607,2.4047341,4.874889,6.035072,5.604762,5.4784007,5.4828696,5.98227,4.8687544,4.5842557,3.838994,4.0094805,2.56827,0.06990295,1.3217903,4.207708,5.681961,5.7824006,6.098845,0.20859782,0.5572446,0.6815934,1.0164015,0.3723782,1.7554699,3.384237,5.143268,6.2436256,6.4847236,6.794131,7.55315,8.283491,7.0321164,6.681537,6.42149,4.59741,4.023823,3.2597,2.9800086,0.9887167,0.95022607,2.4047341,4.874889,0.121872224,0.7707876,6.035072,-8.283491,0
5.785645,5.222075,5.1129284,4.9542303,5.4092255,4.5823684,2.0912457,0.7122071,-1.6050055,-2.6297483,-3.364168,-5.0522842,-6.5055566,-8.7106085,-8.835501,-8.718068,-8.63625,-8.816195,-8.518742,-5.9379716,-4.1221538,-2.1298635,-0.4833899,0.7094612,1.7071042,1.4286077,-1.3798581,-2.5090587,-2.6285121,-3.6959996,-3.5472784,-3.5767915,-2.5978925,-0.57790697,0.9454784,3.0215056,3.9574397,3.9021766,4.5015717,4.8681245,5.785645,5.222075,5.1129284,4.9542303,5.4092255,4.5823684,2.0912457,0.7122071,1.6050055,2.6297483,3.364168,5.0522842,6.5055566,8.7106085,8.835501,8.718068,8.63625,8.816195,8.518742,5.9379716,4.1221538,2.1298635,0.4833899,0.7094612,1.7071042,1.4286077,1.3798581,2.5090587,2.6285121,3.6959996,3.5472784,3.5767915,2.5978925,0.57790697,0.9454784,3.0215056,3.9574397,3.9021766,4.5015717,4.8681245,0.12170311,0.76971805,5.785645,-8.835501,0
7.0880437,6.2120414,4.9647884,4.235469,3.2689686,1.2678663,1.1629792,0.075627245,-0.837935,-2.4019413,-2.3840764,-0.033615932,1.0794044,1.4730035,2.6340265,2.6014528,0.5334375,-0.5009385,-1.8175982,-3.472136,-3.9163713,-4.5434422,-5.057333,-6.599926,-6.75363,-7.4274907,-8.078924,-8.662948,-7.464505,-5.172407,-3.4425526,-1.5279595,0.37357086,0.5806962,1.4573252,1.6079757,3.4883096,4.2848196,4.9703846,6.266852,7.0880437,6.2120414,4.9647884,4.235469,3.2689686,1.2678663,1.1629792,0.075627245,0.837935,2.4019413,2.3840764,0.033615932,1.0794044,1.4730035,2.6340265,2.6014528,0.5334375,0.5009385,1.8175982,3.472136,3.9163713,4.5434422,5.057333,6.599926,6.75363,7.4274907,8.078924,8.662948,7.464505,5.172407,3.4425526,1.5279595,0.37357086,0.5806962,1.4573252,1.6079757,3.4883096,4.2848196,4.9703846,6.266852,0.1566713,0.9908763,7.0880437,-8.662948,0
6.09331,5.4391994,5.670813,-0.26271477,-0.6747324,-0.5707148,-0.17105228,0.670494,1.8641255,3.1236575,4.530531,4.9017844,5.0059333,5.1234813,5.558376,5.391628,3.7988145,3.186154,2.1737819,0.27124366,0.16380377,-0.6862489,-0.81724113,-2.5144005,-4.136109,-5.7809353,-7.8417854,-9.318977,-8.804403,-7.724026,-7.03734,-6.5990267,-4.611646,-3.9247735,-3.1349895,-2.8992996,-0.69996417,1.3444396,2.6630268,5.4039583,6.09331,5.4391994,5.670813,0.26271477,0.6747324,0.5707148,0.17105228,0.670494,1.8641255,3.1236575,4.530531,4.9017844,5.0059333,5.1234813,5.558376,5.391628,3.7988145,3.186154,2.1737819,0.27124366,0.16380377,0.6862489,0.81724113,2.5144005,4.136109,5.7809353,7.8417854,9.318977,8.804403,7.724026,7.03734,6.5990267,4.611646,3.9247735,3.1349895,2.8992996,0.69996417,1.3444396,2.6630268,5.4039583,0.13509896,0.85444087,6.09331,-9.318977,0
6.1576233,5.209755,2.9516828,1.6871572,-0.3364908,-2.4007654,-2.5320919,-3.2325804,-3.8355107,-5.894883,-6.726211,-7.6895976,-9.315416,-9.037932,-7.8915906,-7.9620314,-7.6669064,-0.9026142,-1.716484,-3.0268862,-4.234144,-4.828759,-6.1919055,-6.86466,-5.8373175,-5.797154,-5.2147417,-5.128162,-4.083649,-1.8709141,-0.2525603,2.1666849,3.5757608,3.5209274,4.248679,4.5074024,5.6621184,5.3309336,5.295446,5.5381155,6.1576233,5.209755,2.9516828,1.6871572,0.3364908,2.4007654,2.5320919,3.2325804,3.8355107,5.894883,6.726211,7.6895976,9.315416,9.037932,7.8915906,7.9620314,7.6669064,0.9026142,1.716484,3.0268862,4.234144,4.828759,6.1919055,6.86466,5.8373175,5.797154,5.2147417,5.128162,4.083649,1.8709141,0.2525603,2.1666849,3.5757608,3.5209274,4.248679,4.5074024,5.6621184,5.3309336,5.295446,5.5381155,0.13845289,0.87565297,6.1576233,-9.315416,0
6.4939137,5.7611327,4.204711,3.416584,2.2896914,0.254096,0.12131284,-0.762454,-1.0231463,-2.8350346,-4.483958,-5.988342,-7.9977107,-9.377773,-8.7746725,-7.6382523,-6.9503355,-6.4741735,-4.6885896,-3.0878813,-2.5291593,-2.8210828,-2.3914597,-1.2966843,-2.118318,-3.7805798,-4.379935,-5.371339,-5.2545094,-3.2400956,-1.8600271,-0.13215165,1.3910124,1.5273914,2.1115959,2.3121595,3.8933723,4.5184383,5.042718,5.851191,6.4939137,5.7611327,4.204711,3.416584,2.2896914,0.254096,0.12131284,0.762454,1.0231463,2.8350346,4.483958,5.988342,7.9977107,9.377773,8.7746725,7.6382523,6.9503355,6.4741735,4.6885896,3.0878813,2.5291593,2.8210828,2.3914597,1.2966843,2.118318,3.7805798,4.379935,5.371339,5.2545094,3.2400956,1.8600271,0.13215165,1.3910124,1.5273914,2.1115959,2.3121595,3.8933723,4.5184383,5.042718,5.851191,0.14627978,0.9251545,6.4939137,-9.377773,0
6.1814113,5.9337406,4.0043955,3.167498,1.4745874,0.9662036,0.05598726,-2.5708473,-4.254485,-6.818936,-7.7489247,-7.817665,-8.131753,-8.689964,-9.467744,-7.774128,-6.8998194,-6.148497,-4.4058094,-2.761128,-1.7574652,-1.7031184,1.3780817,0.22599934,-2.7129486,-4.8294554,-4.3372097,-2.78305,-2.2399163,-0.7051443,-0.47043806,0.1872028,0.43329784,2.1399665,3.199571,3.9971993,5.665255,5.843511,5.909924,5.968424,6.1814113,5.9337406,4.0043955,3.167498,1.4745874,0.9662036,0.05598726,2.5708473,4.254485,6.818936,7.7489247,7.817665,8.131753,8.689964,9.467744,7.774128,6.8998194,6.148497,4.4058094,2.761128,1.7574652,1.7031184,1.3780817,0.22599934,2.7129486,4.8294554,4.3372097,2.78305,2.2399163,0.7051443,0.47043806,0.1872028,0.43329784,2.1399665,3.199571,3.9971993,5.665255,5.843511,5.909924,5.968424,0.1492106,0.94369066,6.1814113,-9.467744,0
5.609465,4.9348345,4.81218,4.1984034,4.44814,3.2458,0.7055793,-0.78116363,-3.1008205,-4.416335,-4.8881083,-6.1810884,-7.225163,-9.048028,-8.59227,-8.303071,-8.156534,-8.197867,-7.5522904,-5.007595,-2.9788191,-0.61429065,1.0782987,1.9138263,2.8055139,2.3569913,3.005065,-0.47354695,-0.6569102,-1.9498312,-2.3282542,-2.3695397,-1.1718469,0.5080103,1.885172,3.3867838,4.3323092,4.253489,4.5709376,4.8709755,5.609465,4.9348345,4.81218,4.1984034,4.44814,3.2458,0.7055793,0.78116363,3.1008205,4.416335,4.8881083,6.1810884,7.225163,9.048028,8.59227,8.303071,8.156534,8.197867,7.5522904,5.007595,2.9788191,0.61429065,1.0782987,1.9138263,2.8055139,2.3569913,3.005065,0.47354695,0.6569102,1.9498312,2.3282542,2.3695397,1.1718469,0.5080103,1.885172,3.3867838,4.3323092,4.253489,4.5709376,4.8709755,0.12177439,0.77016884,5.609465,-9.048028,0
6.5694304,5.7231255,4.3767667,3.8143272,2.8953743,1.0672823,1.0375304,0.23458992,-0.028108539,-1.9369929,-3.8972266,-5.6457276,-7.8396006,-9.163516,-8.649827,-7.8170195,-7.3024507,-7.1204095,-5.1229787,-4.628783,-3.7900293,-2.7903144,-1.0790933,-1.1200646,-0.56440413,-2.0780869,-3.0103955,-4.629645,-4.975146,-3.2467325,-2.0600064,-0.91034,0.6364762,0.84083426,1.3450049,1.4895282,3.0888085,3.906183,4.623883,5.6915274,6.5694304,5.7231255,4.3767667,3.8143272,2.8953743,1.0672823,1.0375304,0.23458992,0.028108539,1.9369929,3.8972266,5.6457276,7.8396006,9.163516,8.649827,7.8170195,7.3024507,7.1204095,5.1229787,4.628783,3.7900293,2.7903144,1.0790933,1.1200646,0.56440413,2.0780869,3.0103955,4.629645,4.975146,3.2467325,2.0600064,0.91034,0.6364762,0.84083426,1.3450049,1.4895282,3.0888085,3.906183,4.623883,5.6915274,0.14228818,0.89990944,6.5694304,-9.163516,0
6.2831526,6.0281005,0.26989442,0.9993884,1.8154745,2.494857,3.1460605,3.9767203,4.3494296,5.05745,5.279146,4.233948,3.8744462,2.6708722,2.586303,1.5630157,-1.0052193,-2.5976572,-4.803797,-6.2253623,-6.4254637,-6.957871,-7.5059156,-8.807411,-7.6648607,-7.490196,-7.2835107,-7.223724,-5.7846475,-3.292435,-1.2896811,1.4643999,3.1433496,2.9776502,3.7683308,4.0593996,5.5333276,5.70217,5.473563,6.277235,6.2831526,6.0281005,0.26989442,0.9993884,1.8154745,2.494857,3.1460605,3.9767203,4.3494296,5.05745,5.279146,4.233948,3.8744462,2.6708722,2.586303,1.5630157,1.0052193,2.5976572,4.803797,6.2253623,6.4254637,6.957871,7.5059156,8.807411,7.6648607,7.490196,7.2835107,7.223724,5.7846475,3.292435,1.2896811,1.4643999,3.1433496,2.9776502,3.7683308,4.0593996,5.5333276,5.70217,5.473563,6.277235,0.15693088,0.992518,6.2831526,-8.807411,0
5.764052,5.0486975,2.9814942,1.9492519,0.33267647,-1.7821708,-1.9594898,-2.6648889,-3.086428,-4.9894094,-6.0743313,-7.251689,-9.263314,-8.946197,-8.739254,-8.381075,-8.328409,-7.4900637,-4.766896,-2.904345,-0.18654178,1.2434967,1.559806,1.8752463,-0.1185499,-0.5626382,-1.5040236,-3.0848632,-4.417617,-4.9094577,-5.510102,-6.793088,-6.330771,-4.773227,-2.1867733,1.4489193,4.5278506,5.348248,5.3041553,4.8073316,5.764052,5.0486975,2.9814942,1.9492519,0.33267647,1.7821708,1.9594898,2.6648889,3.086428,4.9894094,6.0743313,7.251689,9.263314,8.946197,8.739254,8.381075,8.328409,7.4900637,4.766896,2.904345,0.18654178,1.2434967,1.559806,1.8752463,0.1185499,0.5626382,1.5040236,3.0848632,4.417617,4.9094577,5.510102,6.793088,6.330771,4.773227,2.1867733,1.4489193,4.5278506,5.348248,5.3041553,4.8073316,0.12018329,0.76010585,5.764052,-9.263314,0
6.2587805,5.745296,5.9514475,5.1905227,5.356616,-0.65747863,-0.12150687,0.3002344,1.1357566,2.2980478,3.1688824,3.657658,4.3001456,4.9479966,5.730912,5.112765,3.6905072,3.144486,2.1029885,0.25067824,0.09780653,-0.82379955,-1.1022404,-2.8196924,-4.3931575,-5.854125,-7.8575854,-9.24301,-8.642588,-7.4873133,-6.7925954,-6.3694663,-4.3783007,-3.7911198,-3.185638,-2.9438157,-0.85266227,1.2044525,2.6195283,5.1067314,6.2587805,5.745296,5.9514475,5.1905227,5.356616,0.65747863,0.12150687,0.3002344,1.1357566,2.2980478,3.1688824,3.657658,4.3001456,4.9479966,5.730912,5.112765,3.6905072,3.144486,2.1029885,0.25067824,0.09780653,0.82379955,1.1022404,2.8196924,4.3931575,5.854125,7.8575854,9.24301,8.642588,7.4873133,6.7925954,6.3694663,4.3783007,3.7911198,3.185638,2.9438157,0.85266227,1.2044525,2.6195283,5.1067314,0.12766829,0.8074451,6.2587805,-9.24301,0
5.688611,4.8983464,4.8091865,4.316635,4.618948,3.6882994,1.2474313,-0.12577768,-2.1795444,-4.0392027,-4.241297,-5.0068617,-5.484564,-7.3028502,-7.4822083,-7.9602737,-8.560907,-9.126281,-7.8069515,-5.238367,-3.2464318,-1.1221193,0.8895634,1.2379795,1.9927049,2.3328617,4.36588,4.87976,4.435394,-1.2374454,-1.8069547,-2.2868898,-1.6594306,0.19490844,1.5438163,3.1723573,4.1362023,4.18352,4.6018662,5.044996,5.688611,4.8983464,4.8091865,4.316635,4.618948,3.6882994,1.2474313,0.12577768,2.1795444,4.0392027,4.241297,5.0068617,5.484564,7.3028502,7.4822083,7.9602737,8.560907,9.126281,7.8069515,5.238367,3.2464318,1.1221193,0.8895634,1.2379795,1.9927049,2.3328617,4.36588,4.87976,4.435394,1.2374454,1.8069547,2.2868898,1.6594306,0.19490844,1.5438163,3.1723573,4.1362023,4.18352,4.6018662,5.044996,0.12612489,0.7976839,5.688611,-9.126281,0
6.2561336,6.113273,4.3616276,3.5344343,2.377738,0.2143356,0.060680542,-0.86304504,-1.0880156,-3.0886621,-4.777345,-6.453203,-8.769552,-9.219937,-8.428206,-8.912308,-8.539828,-0.14260997,-0.29363325,-0.787397,-1.7345779,-3.0241637,-4.9795656,-6.1837444,-6.210661,-6.648351,-6.4056067,-6.687153,-6.1742907,-3.9990585,-2.4386342,-0.23493773,0.7066656,1.3548163,2.9835625,3.8494968,5.7857723,6.005208,5.8893423,5.942698,6.2561336,6.113273,4.3616276,3.5344343,2.377738,0.2143356,0.060680542,0.86304504,1.0880156,3.0886621,4.777345,6.453203,8.769552,9.219937,8.428206,8.912308,8.539828,0.14260997,0.29363325,0.787397,1.7345779,3.0241637,4.9795656,6.1837444,6.210661,6.648351,6.4056067,6.687153,6.1742907,3.9990585,2.4386342,0.23493773,0.7066656,1.3548163,2.9835625,3.8494968,5.7857723,6.005208,5.8893423,5.942698,0.14856745,0.93962306,6.2561336,-9.219937,0
6.3676143,5.760942,5.862069,5.088649,5.2409034,-0.7939325,-0.32733887,0.12328688,0.92243713,2.047486,2.922559,3.3761857,4.110319,4.7050385,5.559282,4.9483886,3.5382903,2.95342,1.9450655,0.19533099,0.17271593,-0.6796827,-0.90029776,-2.721563,-4.387012,-6.008157,-7.933147,-9.351048,-8.810124,-7.595796,-6.9326677,-6.5289607,-4.526623,-3.8272486,-3.111585,-2.8256698,-0.5858282,1.4245262,2.7682793,5.253707,6.3676143,5.760942,5.862069,5.088649,5.2409034,0.7939325,0.32733887,0.12328688,0.92243713,2.047486,2.922559,3.3761857,4.110319,4.7050385,5.559282,4.9483886,3.5382903,2.95342,1.9450655,0.19533099,0.17271593,0.6796827,0.90029776,2.721563,4.387012,6.008157,7.933147,9.351048,8.810124,7.595796,6.9326677,6.5289607,4.526623,3.8272486,3.111585,2.8256698,0.5858282,1.4245262,2.7682793,5.253707,0.13134268,0.830684,6.3676143,-9.351048,0
7.010722,6.00268,4.3101892,3.518013,1.751207,0.31692,-0.42577153,-0.8462407,-0.4385981,0.36570957,1.2087059,1.6061165,2.7955396,2.662015,2.9369428,2.5502918,0.16563286,-1.4356567,-3.358862,-4.954908,-5.22501,-5.7163477,-6.1452975,-7.561089,-7.320203,-7.714787,-8.009369,-8.343915,-7.037422,-4.416933,-2.4989939,-0.17776734,1.552083,1.6695731,2.5521195,2.8017805,4.5836797,5.083498,5.551844,6.400489,7.010722,6.00268,4.3101892,3.518013,1.751207,0.31692,0.42577153,0.8462407,0.4385981,0.36570957,1.2087059,1.6061165,2.7955396,2.662015,2.9369428,2.5502918,0.16563286,1.4356567,3.358862,4.954908,5.22501,5.7163477,6.1452975,7.561089,7.320203,7.714787,8.009369,8.343915,7.037422,4.416933,2.4989939,0.17776734,1.552083,1.6695731,2.5521195,2.8017805,4.5836797,5.083498,5.551844,6.400489,0.16001222,1.0120062,7.010722,-8.343915,0
6.7082343,6.133945,5.4072876,5.0852685,4.619043,3.0413046,2.742527,1.8993796,1.8042164,-0.010246775,-2.3337407,-4.445879,-7.1190443,-7.425531,-6.444827,0.12567876,-0.5078826,-0.15984617,-0.528476,-0.82234657,-1.8502948,-3.3417726,-4.913619,-6.7853913,-7.402764,-7.637501,-7.666526,-8.04928,-8.148974,-6.033102,-4.8684688,-3.4940977,-1.4962204,-1.1018993,-0.32985413,-0.087670594,1.8671248,3.2292264,4.165279,5.9304576,6.7082343,6.133945,5.4072876,5.0852685,4.619043,3.0413046,2.742527,1.8993796,1.8042164,0.010246775,2.3337407,4.445879,7.1190443,7.425531,6.444827,0.12567876,0.5078826,0.15984617,0.528476,0.82234657,1.8502948,3.3417726,4.913619,6.7853913,7.402764,7.637501,7.666526,8.04928,8.148974,6.033102,4.8684688,3.4940977,1.4962204,1.1018993,0.32985413,0.087670594,1.8671248,3.2292264,4.165279,5.9304576,0.14826144,0.93768764,6.7082343,-8.148974,0
6.263959,5.7184744,5.3996987,5.023103,5.3402333,4.680795,2.341477,1.1521996,-0.9703357,-1.8088952,-2.4809103,-4.39516,-5.9997816,-8.384643,-8.780983,-8.820708,-8.7474785,-8.95655,-8.878642,-6.4463243,-4.8218174,-3.1925347,-1.5239643,-0.16469298,0.9241431,0.6886148,-1.8484453,-3.219751,-3.430618,-4.5397387,-4.154165,-4.2261033,-3.2397177,-1.2073364,0.38950312,2.5108535,3.4415393,3.5466628,4.5951047,5.087463,6.263959,5.7184744,5.3996987,5.023103,5.3402333,4.680795,2.341477,1.1521996,0.9703357,1.8088952,2.4809103,4.39516,5.9997816,8.384643,8.780983,8.820708,8.7474785,8.95655,8.878642,6.4463243,4.8218174,3.1925347,1.5239643,0.16469298,0.9241431,0.6886148,1.8484453,3.219751,3.430618,4.5397387,4.154165,4.2261033,3.2397177,1.2073364,0.38950312,2.5108535,3.4415393,3.5466628,4.5951047,5.087463,0.12718657,0.8043985,6.263959,-8.95655,0
5.8912473,5.4158773,3.2457726,2.3003895,0.40064734,-0.45353416,-1.4620887,-3.7224743,-5.3057647,-7.712832,-8.441239,-8.479171,-8.67718,-9.145207,-9.342455,-7.066413,-5.775437,-4.255646,-3.5248005,-2.156127,0.37436748,2.4524715,5.081227,4.9289727,-1.4178982,-3.2127063,-3.8647707,-4.4285297,-3.806812,-1.7525806,-0.22986957,1.5923227,2.4885108,2.8057203,3.761512,4.318261,5.647212,5.7394075,5.705928,5.615525,5.8912473,5.4158773,3.2457726,2.3003895,0.40064734,0.45353416,1.4620887,3.7224743,5.3057647,7.712832,8.441239,8.479171,8.67718,9.145207,9.342455,7.066413,5.775437,4.255646,3.5248005,2.156127,0.37436748,2.4524715,5.081227,4.9289727,1.4178982,3.2127063,3.8647707,4.4285297,3.806812,1.7525806,0.22986957,1.5923227,2.4885108,2.8057203,3.761512,4.318261,5.647212,5.7394075,5.705928,5.615525,0.14038812,0.8878924,5.8912473,-9.342455,0
6.330237,5.892349,5.346522,5.149629,5.0751934,3.7747245,3.659118,2.962754,2.9731798,1.2485722,-1.3455491,-3.0379906,-5.463344,-6.7316475,-6.6843967,-7.1460376,-7.844998,-9.088224,-7.844096,-7.426653,-7.1705513,-5.7121696,-4.054991,-3.4404447,-3.2820609,-1.7975569,-2.8531759,-4.84066,-5.6622634,-4.437245,-4.3291187,-3.9529805,-2.4090638,-1.9781286,-1.3027486,-1.036121,0.7309222,2.211552,3.1990535,5.216928,6.330237,5.892349,5.346522,5.149629,5.0751934,3.7747245,3.659118,2.962754,2.9731798,1.2485722,1.3455491,3.0379906,5.463344,6.7316475,6.6843967,7.1460376,7.844998,9.088224,7.844096,7.426653,7.1705513,5.7121696,4.054991,3.4404447,3.2820609,1.7975569,2.8531759,4.84066,5.6622634,4.437245,4.3291187,3.9529805,2.4090638,1.9781286,1.3027486,1.036121,0.7309222,2.211552,3.1990535,5.216928,0.1304232,0.82486874,6.330237,-9.088224,0
6.4827943,4.932055,4.1823134,3.2438314,1.2157129,1.0360578,0.20476347,-0.07345306,-2.0025527,-4.0304456,-5.75038,-7.9963923,-9.497115,-8.649345,-8.2992,-6.8791685,-6.626465,-0.346819,-0.99323475,-1.9658594,-3.3062696,-5.0608516,-6.239479,-6.4006634,-7.011133,-6.8671675,-7.3537526,-6.855627,-4.6040416,-3.0452974,-0.9556794,-0.08351715,0.583492,2.440835,3.398177,5.602551,6.007825,5.853217,6.0073705,6.324722,6.4827943,4.932055,4.1823134,3.2438314,1.2157129,1.0360578,0.20476347,0.07345306,2.0025527,4.0304456,5.75038,7.9963923,9.497115,8.649345,8.2992,6.8791685,6.626465,0.346819,0.99323475,1.9658594,3.3062696,5.0608516,6.239479,6.4006634,7.011133,6.8671675,7.3537526,6.855627,4.6040416,3.0452974,0.9556794,0.08351715,0.583492,2.440835,3.398177,5.602551,6.007825,5.853217,6.0073705,6.324722,0.15811804,1.0000263,6.4827943,-9.497115,0
6.383485,5.676144,5.5456653,5.3562603,5.690698,4.8687477,2.3499439,0.8579518,-1.59442,-2.6247394,-3.1901178,-5.2317233,-6.6179056,-8.758664,-8.674052,0.41532788,1.1599473,1.0098158,0.9158879,0.014805872,-1.9727381,-3.5652199,-5.5807457,-7.051342,-7.1946597,-7.1593895,-7.4637895,-7.869768,-6.379647,-6.129081,-5.5163097,-5.260731,-3.543813,-1.2593018,0.39320925,3.1053464,4.240396,4.1465073,5.0347776,5.3283343,6.383485,5.676144,5.5456653,5.3562603,5.690698,4.8687477,2.3499439,0.8579518,1.59442,2.6247394,3.1901178,5.2317233,6.6179056,8.758664,8.674052,0.41532788,1.1599473,1.0098158,0.9158879,0.014805872,1.9727381,3.5652199,5.5807457,7.051342,7.1946597,7.1593895,7.4637895,7.869768,6.379647,6.129081,5.5163097,5.260731,3.543813,1.2593018,0.39320925,3.1053464,4.240396,4.1465073,5.0347776,5.3283343,0.13320836,0.84248364,6.383485,-8.758664,0
6.336288,6.303577,6.0822387,5.9508705,6.240542,5.9305882,3.8453026,2.905034,1.0983763,0.4505699,-0.5596665,-3.0934224,-4.8546457,-7.484956,-8.208005,-8.209559,-8.93743,-8.387588,-8.791772,-8.5027895,-0.75020546,-1.3720852,-2.3779204,-3.6524646,-4.6946282,-5.424448,-6.5549517,-7.4907894,-6.731999,-6.8477654,-6.5988684,-6.7443304,-5.9427943,-3.5864964,-1.7804906,0.8886842,1.9439322,2.4232185,3.9296472,4.698478,6.336288,6.303577,6.0822387,5.9508705,6.240542,5.9305882,3.8453026,2.905034,1.0983763,0.4505699,0.5596665,3.0934224,4.8546457,7.484956,8.208005,8.209559,8.93743,8.387588,8.791772,8.5027895,0.75020546,1.3720852,2.3779204,3.6524646,4.6946282,5.424448,6.5549517,7.4907894,6.731999,6.8477654,6.5988684,6.7443304,5.9427943,3.5864964,1.7804906,0.8886842,1.9439322,2.4232185,3.9296472,4.698478,0.11746196,0.7428946,6.336288,-8.93743,0
6.585393,6.027169,5.25676,5.0220294,4.639409,3.190254,2.970506,1.958476,1.770439,0.15957047,-2.1491487,-3.8500915,-6.3073883,-7.2870536,-7.477341,-7.9350767,-8.508238,-9.41315,-7.6938596,-6.8627477,-6.1707644,-4.648966,-3.1261604,-2.3330047,-2.2419307,-1.8379354,-2.921586,-4.872633,-5.602583,-4.1313853,-3.6440969,-2.9443612,-1.3102444,-1.0141331,-0.41084906,-0.17613257,1.542373,2.8777974,3.8370628,5.5989966,6.585393,6.027169,5.25676,5.0220294,4.639409,3.190254,2.970506,1.958476,1.770439,0.15957047,2.1491487,3.8500915,6.3073883,7.2870536,7.477341,7.9350767,8.508238,9.41315,7.6938596,6.8627477,6.1707644,4.648966,3.1261604,2.3330047,2.2419307,1.8379354,2.921586,4.872633,5.602583,4.1313853,3.6440969,2.9443612,1.3102444,1.0141331,0.41084906,0.17613257,1.542373,2.8777974,3.8370628,5.5989966,0.13997492,0.88527906,6.585393,-9.41315,0
5.894088,5.2106414,5.1867642,4.8908863,5.1515594,4.2299466,1.8656393,0.5371821,-1.8393905,-2.811554,-3.4623616,-5.193554,-6.558313,-8.620491,-8.696606,-8.654188,-8.512772,-8.686141,-8.460695,-5.8379745,-3.9549754,-1.5987049,-0.663472,0.86054003,2.716629,3.2182195,4.5971804,-1.5934352,-1.8923212,-3.2492836,-3.3568459,-3.2722328,-2.2506118,-0.3295142,1.1167458,3.0788095,4.161412,4.1953363,4.742831,5.1163125,5.894088,5.2106414,5.1867642,4.8908863,5.1515594,4.2299466,1.8656393,0.5371821,1.8393905,2.811554,3.4623616,5.193554,6.558313,8.620491,8.696606,8.654188,8.512772,8.686141,8.460695,5.8379745,3.9549754,1.5987049,0.663472,0.86054003,2.716629,3.2182195,4.5971804,1.5934352,1.8923212,3.2492836,3.3568459,3.2722328,2.2506118,0.3295142,1.1167458,3.0788095,4.161412,4.1953363,4.742831,5.1163125,0.12790781,0.80896,5.894088,-8.696606,0
6.5258036,6.1765375,5.93277,5.8498526,6.1408696,5.471399,3.1003878,1.7479264,-0.4130011,-1.3370485,-2.1294894,-4.1894007,-5.8364286,-8.427783,-8.987426,-8.152381,-8.27818,0.46433496,1.5868908,2.2280858,3.551179,3.6394665,1.7732646,1.0368074,-0.04633612,-1.6578897,-2.742596,-2.969834,-2.171269,-4.1309857,-4.278092,-4.651357,-5.2909627,-2.9400291,-0.3538072,1.968101,3.106938,3.3684292,4.592774,5.1814456,6.5258036,6.1765375,5.93277,5.8498526,6.1408696,5.471399,3.1003878,1.7479264,0.4130011,1.3370485,2.1294894,4.1894007,5.8364286,8.427783,8.987426,8.152381,8.27818,0.46433496,1.5868908,2.2280858,3.551179,3.6394665,1.7732646,1.0368074,0.04633612,1.6578897,2.742596,2.969834,2.171269,4.1309857,4.278092,4.651357,5.2909627,2.9400291,0.3538072,1.968101,3.106938,3.3684292,4.592774,5.1814456,0.12953614,0.81925845,6.5258036,-8.987426,0
5.9464355,4.7391562,4.5269856,3.806836,3.9647064,2.5166926,-0.079999134,-1.6516798,-4.047791,-5.4180017,-5.798695,-6.931274,-7.791065,-9.470835,-8.541477,-8.253528,-8.076979,-6.8397007,-5.910592,-5.6870203,-0.62362885,-2.2484474,-3.661444,-5.782094,-6.6046395,-5.3664694,-5.4458504,-5.182219,-3.6862936,-3.4002414,-2.8537822,-2.5874844,-0.65256375,1.2612696,2.446783,4.6313124,5.7245245,5.418451,5.5076385,5.587341,5.9464355,4.7391562,4.5269856,3.806836,3.9647064,2.5166926,0.079999134,1.6516798,4.047791,5.4180017,5.798695,6.931274,7.791065,9.470835,8.541477,8.253528,8.076979,6.8397007,5.910592,5.6870203,0.62362885,2.2484474,3.661444,5.782094,6.6046395,5.3664694,5.4458504,5.182219,3.6862936,3.4002414,2.8537822,2.5874844,0.65256375,1.2612696,2.446783,4.6313124,5.7245245,5.418451,5.5076385,5.587341,0.13968351,0.88343614,5.9464355,-9.470835,0
6.4663167,5.625144,5.322549,5.276238,3.9486313,3.7642612,3.101721,3.103449,1.4866699,-1.1372739,-3.0070033,-5.610338,-6.891384,-7.2309103,-8.154007,-7.7811956,0.0809288,0.014903596,0.04886667,-0.6513851,-2.4375315,-4.2637815,-5.9680104,-6.7757015,-7.110791,-7.2880516,-7.9773254,-8.343011,-6.5442533,-5.6292086,-4.250838,-3.7028198,-2.5481482,-0.23752618,1.2450998,3.7848997,5.005231,4.840909,5.4205484,5.6483603,6.4663167,5.625144,5.322549,5.276238,3.9486313,3.7642612,3.101721,3.103449,1.4866699,1.1372739,3.0070033,5.610338,6.891384,7.2309103,8.154007,7.7811956,0.0809288,0.014903596,0.04886667,0.6513851,2.4375315,4.2637815,5.9680104,6.7757015,7.110791,7.2880516,7.9773254,8.343011,6.5442533,5.6292086,4.250838,3.7028198,2.5481482,0.23752618,1.2450998,3.7848997,5.005231,4.840909,5.4205484,5.6483603,0.141209,0.89308417,6.4663167,-8.343011,0
6.338602,6.1010704,6.1210475,6.297973,6.042931,3.9716043,2.9438274,1.2078207,0.8703133,-0.738311,-3.00506,-4.336666,-5.812068,1.0090472,1.2137146,2.2796738,2.127708,2.4731162,1.8523629,-0.2889604,-1.6752782,-3.523707,-4.685777,-5.2166314,-6.2014527,-7.12511,-8.610448,-7.978556,-7.8220663,-7.5473757,-7.607667,-6.708358,-4.277618,-2.4379108,0.2736653,1.3783464,1.9591945,3.6467736,4.43235,6.269851,6.338602,6.1010704,6.1210475,6.297973,6.042931,3.9716043,2.9438274,1.2078207,0.8703133,0.738311,3.00506,4.336666,5.812068,1.0090472,1.2137146,2.2796738,2.127708,2.4731162,1.8523629,0.2889604,1.6752782,3.523707,4.685777,5.2166314,6.2014527,7.12511,8.610448,7.978556,7.8220663,7.5473757,7.607667,6.708358,4.277618,2.4379108,0.2736653,1.3783464,1.9591945,3.6467736,4.43235,6.269851,0.15674628,0.99135053,6.338602,-8.610448,0
6.132506,5.3656836,3.6244154,2.7774673,1.3489774,-0.618744,-0.69180936,-1.5673188,-1.8822634,-3.9495509,-5.413976,-6.9288588,-8.632168,-9.727265,-8.893899,-7.366817,-6.336006,-5.5473185,-3.3066695,-2.527815,-1.9214588,-1.215178,1.0017912,1.6315284,1.3463299,-1.4026687,-2.2757127,-3.7079513,-4.040302,-2.3148162,-0.8652399,0.5511145,1.9654582,2.2263086,2.8530486,3.1622312,4.425779,4.6543865,4.9861345,5.434975,6.132506,5.3656836,3.6244154,2.7774673,1.3489774,0.618744,0.69180936,1.5673188,1.8822634,3.9495509,5.413976,6.9288588,8.632168,9.727265,8.893899,7.366817,6.336006,5.5473185,3.3066695,2.527815,1.9214588,1.215178,1.0017912,1.6315284,1.3463299,1.4026687,2.2757127,3.7079513,4.040302,2.3148162,0.8652399,0.5511145,1.9654582,2.2263086,2.8530486,3.1622312,4.425779,4.6543865,4.9861345,5.434975,0.13587438,0.859345,6.132506,-9.727265,0
5.801804,5.517845,-0.6456938,-0.92133397,-0.9590377,-0.25076517,1.3446257,2.7974515,4.1306496,4.605484,4.727151,4.846028,5.300441,5.4261384,4.2356095,3.7901602,2.6546798,2.6182253,1.6392522,-0.978651,-2.6110525,-5.0934534,-6.502294,-6.7108846,-7.120398,-7.683625,-8.784762,-7.749258,-7.6537256,-7.826097,-5.965746,-5.564634,-4.857913,-4.335927,-2.1025574,0.14387709,1.8271928,4.475811,5.265272,4.9703436,5.801804,5.517845,0.6456938,0.92133397,0.9590377,0.25076517,1.3446257,2.7974515,4.1306496,4.605484,4.727151,4.846028,5.300441,5.4261384,4.2356095,3.7901602,2.6546798,2.6182253,1.6392522,0.978651,2.6110525,5.0934534,6.502294,6.7108846,7.120398,7.683625,8.784762,7.749258,7.6537256,7.826097,5.965746,5.564634,4.857913,4.335927,2.1025574,0.14387709,1.8271928,4.475811,5.265272,4.9703436,0.12425859,0.7858803,5.801804,-8.784762,0
