0.77131456,1.6057274,2.6903696,3.4007974,3.3536742,3.5523,3.4189134,3.7480915,3.3173537,1.7267642,1.0494592,-0.09732595,-1.539909,-1.7632552,-2.4026117,-2.7647014,-4.0649652,-4.385755,-5.0366073,-5.9525623,-6.689815,-5.857125,-4.1675224,-2.9371347,-1.7258319,-0.2607057,-0.12654378,0.4999751,0.7344812,2.358557,3.3292124,3.9487073,5.634962,4.510483,2.4499478,1.324054,0.93828017,1.886276,3.1018314,3.6010015,0.77131456,1.6057274,2.6903696,3.4007974,3.3536742,3.5523,3.4189134,3.7480915,3.3173537,1.7267642,1.0494592,0.09732595,1.539909,1.7632552,2.4026117,2.7647014,4.0649652,4.385755,5.0366073,5.9525623,6.689815,5.857125,4.1675224,2.9371347,1.7258319,0.2607057,0.12654378,0.4999751,0.7344812,2.358557,3.3292124,3.9487073,5.634962,4.510483,2.4499478,1.324054,0.93828017,1.886276,3.1018314,3.6010015,0.09002504,0.56936836,4.842968,-6.888962,0
0.77131456,1.6057274,2.6903696,3.4007974,3.3536742,3.5523,3.4189134,3.7480915,3.3173537,1.7267642,1.0494592,-0.09732595,-1.539909,-1.7632552,-2.4026117,-2.7647014,-4.0649652,-4.385755,-5.0366073,-5.9525623,-6.689815,-5.857125,-4.1675224,-2.9371347,-1.7258319,-0.2607057,-0.12654378,0.4999751,0.7344812,2.358557,3.3292124,3.9487073,5.634962,4.510483,2.4499478,1.324054,0.93828017,1.886276,3.1018314,3.6010015,0.77131456,1.6057274,2.6903696,3.4007974,3.3536742,3.5523,3.4189134,3.7480915,3.3173537,1.7267642,1.0494592,0.09732595,1.539909,1.7632552,2.4026117,2.7647014,4.0649652,4.385755,5.0366073,5.9525623,6.689815,5.857125,4.1675224,2.9371347,1.7258319,0.2607057,0.12654378,0.4999751,0.7344812,2.358557,3.3292124,3.9487073,5.634962,4.510483,2.4499478,1.324054,0.93828017,1.886276,3.1018314,3.6010015,0.09002504,0.56936836,4.842968,-6.888962,03.2317638,4.943967,5.4236765,4.35937,3.4006689,3.250693,2.5613856,2.0989487,1.9375844,2.3041966,2.2343316,2.8851757,3.6070895,3.6651685,3.6661925,3.471081,3.0600774,2.116114,0.9343748,-0.32631692,-1.1471374,-1.8137681,-2.5059035,-3.0394368,-3.6022897,-4.455198,-5.3819404,-6.0801034,-6.1694555,-5.7635508,-4.5027394,-2.9328458,-1.4715836,-0.63990784,-0.09255539,0.40299624,1.3273327,2.3154433,3.0839772,3.2272058,3.2317638,4.943967,5.4236765,4.35937,3.4006689,3.250693,2.5613856,2.0989487,1.9375844,2.3041966,2.2343316,2.8851757,3.6070895,3.6651685,3.6661925,3.471081,3.0600774,2.116114,0.9343748,0.32631692,1.1471374,1.8137681,2.5059035,3.0394368,3.6022897,4.455198,5.3819404,6.0801034,6.1694555,5.7635508,4.5027394,2.9328458,1.4715836,0.63990784,0.09255539,0.40299624,1.3273327,2.3154433,3.0839772,3.2272058,0.08068015,0.510266,5.634962,-6.689815,0
3.179091,4.439899,4.454879,4.5698023,3.5359526,3.8684146,3.5460622,1.2463452,-0.6019721,-2.8002214,-4.0662155,-4.3232646,-4.723972,-5.3842063,-6.7306905,-6.715624,-4.6185994,-2.1715338,0.02259986,1.3153982,0.70326984,-1.3255576,-2.6844373,-3.942297,-4.981495,-4.986969,-4.5163703,-4.417578,-4.597738,-3.4327528,-3.2832992,-2.8356,-2.5085673,-1.1537269,0.31653246,1.2849876,3.3962948,4.0937066,3.7417676,4.081432,3.179091,4.439899,4.454879,4.5698023,3.5359526,3.8684146,3.5460622,1.2463452,0.6019721,2.8002214,4.0662155,4.3232646,4.723972,5.3842063,6.7306905,6.715624,4.6185994,2.1715338,0.02259986,1.3153982,0.70326984,1.3255576,2.6844373,3.942297,4.981495,4.986969,4.5163703,4.417578,4.597738,3.4327528,3.2832992,2.8356,2.5085673,1.1537269,0.31653246,1.2849876,3.3962948,4.0937066,3.7417676,4.081432,0.1020358,0.645331,5.226059,-7.0804024,0
3.316048,4.3946853,5.009644,4.3983817,2.7876794,1.9848349,0.9995402,0.8850006,1.8873473,2.480837,2.9812436,3.2014675,2.6697094,3.2283804,2.7577984,1.0637361,0.05759566,-1.4165703,-2.862165,-3.1133015,-3.3867624,-3.7514243,-5.1628685,-4.950116,-5.346478,-6.0789332,-5.0236754,-4.7826967,-4.3972855,-4.332558,-3.0975904,-1.2097507,0.29009262,2.5297604,3.4932632,3.4941072,4.4424357,4.363185,5.2048054,5.099434,3.316048,4.3946853,5.009644,4.3983817,2.7876794,1.9848349,0.9995402,0.8850006,1.8873473,2.480837,2.9812436,3.2014675,2.6697094,3.2283804,2.7577984,1.0637361,0.05759566,1.4165703,2.862165,3.1133015,3.3867624,3.7514243,5.1628685,4.950116,5.346478,6.0789332,5.0236754,4.7826967,4.3972855,4.332558,3.0975904,1.2097507,0.29009262,2.5297604,3.4932632,3.4941072,4.4424357,4.363185,5.2048054,5.099434,0.12748584,0.8062913,5.5612564,-6.93676,0
3.883632,5.249466,4.9630632,4.605617,2.983194,3.0798025,2.373355,0.36864653,-0.85013247,-2.7571669,-4.1269603,-4.3494043,-4.7663026,-4.8919854,-6.380673,-6.20319,-4.6881633,-3.000908,-1.0015657,0.6952865,0.4711462,-0.9944418,-2.4565637,-3.3382626,-3.8309605,-4.5249047,-4.690436,-5.199319,-5.2582617,-3.6433384,-2.6753721,-1.4271282,-0.8856594,-0.18189126,1.4026734,2.5397747,4.551414,5.061858,4.4901395,4.6175036,3.883632,5.249466,4.9630632,4.605617,2.983194,3.0798025,2.373355,0.36864653,0.85013247,2.7571669,4.1269603,4.3494043,4.7663026,4.8919854,6.380673,6.20319,4.6881633,3.000908,1.0015657,0.6952865,0.4711462,0.9944418,2.4565637,3.3382626,3.8309605,4.5249047,4.690436,5.199319,5.2582617,3.6433384,2.6753721,1.4271282,0.8856594,0.18189126,1.4026734,2.5397747,4.551414,5.061858,4.4901395,4.6175036,0.11543759,0.73009145,5.5612373,-7.032547,0
2.9157825,3.359753,3.8557124,2.894173,0.33067214,-0.72810864,-2.4937215,-3.6007712,-4.5635934,-5.3920336,-4.6430573,-3.2267103,-0.6804319,1.1399773,1.6975212,0.94051844,0.012851039,-0.7630238,-2.118216,-3.3463883,-4.5594897,-5.562855,-5.214035,-4.4733195,-4.2283154,-4.1034164,-2.7739024,-2.3832326,-1.8398676,-1.6291339,-0.18253309,1.2934266,2.491455,4.432992,5.3239512,4.946737,5.1410694,4.5219083,4.6091967,4.4959025,2.9157825,3.359753,3.8557124,2.894173,0.33067214,0.72810864,2.4937215,3.6007712,4.5635934,5.3920336,4.6430573,3.2267103,0.6804319,1.1399773,1.6975212,0.94051844,0.012851039,0.7630238,2.118216,3.3463883,4.5594897,5.562855,5.214035,4.4733195,4.2283154,4.1034164,2.7739024,2.3832326,1.8398676,1.6291339,0.18253309,1.2934266,2.491455,4.432992,5.3239512,4.946737,5.1410694,4.5219083,4.6091967,4.4959025,0.11239757,0.71086466,5.800686,-6.6015625,0
4.083981,5.6693106,5.524692,4.1192245,1.6630795,0.75498253,0.72138375,1.3281572,2.5909271,3.215002,3.7493382,3.7102728,3.928609,4.061558,4.501132,4.023743,2.4666462,1.6990502,0.45538697,-0.9910937,-1.0198698,-1.6135637,-2.1044526,-3.5318463,-4.1597033,-5.049537,-6.052781,-6.8191752,-6.0128336,-4.46823,-3.0911746,-1.8219526,-0.19766739,0.23416501,1.0403715,1.051749,2.9396853,3.771694,3.9425774,4.7772803,4.083981,5.6693106,5.524692,4.1192245,1.6630795,0.75498253,0.72138375,1.3281572,2.5909271,3.215002,3.7493382,3.7102728,3.928609,4.061558,4.501132,4.023743,2.4666462,1.6990502,0.45538697,0.9910937,1.0198698,1.6135637,2.1044526,3.5318463,4.1597033,5.049537,6.052781,6.8191752,6.0128336,4.46823,3.0911746,1.8219526,0.19766739,0.23416501,1.0403715,1.051749,2.9396853,3.771694,3.9425774,4.7772803,0.11943201,0.75535434,5.9923553,-6.8885994,0
3.4986634,4.4756207,5.4086905,4.5489497,1.96882,1.2181178,-0.4416728,-1.9499865,-2.1673994,-2.9512875,-3.4863842,-4.545884,-5.5422077,-5.907769,-5.3716636,-3.2895029,-0.29226735,0.8244877,0.3364741,-1.162373,-3.146102,-4.044097,-4.196125,-4.136961,-4.4854403,-4.928024,-3.9109423,-3.7844903,-3.3515244,-3.2019658,-1.8527046,-0.13966833,1.2155144,3.3070672,4.1832957,3.9902847,4.816616,4.754215,5.4991717,5.3942475,3.4986634,4.4756207,5.4086905,4.5489497,1.96882,1.2181178,0.4416728,1.9499865,2.1673994,2.9512875,3.4863842,4.545884,5.5422077,5.907769,5.3716636,3.2895029,0.29226735,0.8244877,0.3364741,1.162373,3.146102,4.044097,4.196125,4.136961,4.4854403,4.928024,3.9109423,3.7844903,3.3515244,3.2019658,1.8527046,0.13966833,1.2155144,3.3070672,4.1832957,3.9902847,4.816616,4.754215,5.4991717,5.3942475,0.1348562,0.8529054,6.183777,-6.793041,0
3.3775702,4.592735,4.3297853,4.2283936,2.9330134,3.2140205,1.9477935,0.014080235,-1.3481289,-3.2977989,-4.4465904,-4.6913643,-4.9474163,-5.4520516,-6.4180183,-5.361301,-4.9347982,-5.2223434,-4.4974976,-3.076923,-1.7830366,-0.8640809,0.23057498,-0.23443899,-2.4897366,-3.0390186,-2.5601609,-2.8581967,-2.6534905,-1.3918393,-1.1185925,-0.6097093,-0.36771682,1.1551268,2.308503,3.0932913,4.9360547,5.415361,4.9025745,5.1180043,3.3775702,4.592735,4.3297853,4.2283936,2.9330134,3.2140205,1.9477935,0.014080235,1.3481289,3.2977989,4.4465904,4.6913643,4.9474163,5.4520516,6.4180183,5.361301,4.9347982,5.2223434,4.4974976,3.076923,1.7830366,0.8640809,0.23057498,0.23443899,2.4897366,3.0390186,2.5601609,2.8581967,2.6534905,1.3918393,1.1185925,0.6097093,0.36771682,1.1551268,2.308503,3.0932913,4.9360547,5.415361,4.9025745,5.1180043,0.1279501,0.8092275,5.9443665,-7.2719193,0
4.1138606,5.512143,5.1071367,4.7790523,3.4317682,2.1488836,1.9166296,1.1125458,0.8825301,-0.46235946,-2.126934,-3.1804075,-6.1126294,-6.940946,-5.5653725,-3.7845712,-0.16059546,1.9788393,2.829998,3.4185874,2.3704078,1.6020049,1.5818179,1.6879848,1.2033439,-1.0162246,-2.4406,-4.5390525,-5.936309,-4.009721,-1.955335,-0.51174736,0.19837755,0.8735634,2.438261,3.426927,5.3830795,5.8636017,5.196102,5.3254714,4.1138606,5.512143,5.1071367,4.7790523,3.4317682,2.1488836,1.9166296,1.1125458,0.8825301,0.46235946,2.126934,3.1804075,6.1126294,6.940946,5.5653725,3.7845712,0.16059546,1.9788393,2.829998,3.4185874,2.3704078,1.6020049,1.5818179,1.6879848,1.2033439,1.0162246,2.4406,4.5390525,5.936309,4.009721,1.955335,0.51174736,0.19837755,0.8735634,2.438261,3.426927,5.3830795,5.8636017,5.196102,5.3254714,0.13313678,0.84203094,6.184025,-6.744766,0
4.442343,5.832631,5.614143,4.3473897,2.1250312,1.4292207,1.5153741,2.1708145,3.2249823,3.496664,4.321993,4.357486,4.5453467,4.714019,5.1605177,4.521397,2.886395,2.1953776,0.9952619,-0.65368396,-0.8147164,-1.457399,-1.9825501,-3.4702075,-4.1233892,-4.969124,-6.1389036,-7.020481,-6.193699,-4.571961,-3.2469258,-2.1124334,-0.44786572,-0.055442713,0.6481877,0.6399689,2.65537,3.6752267,3.8837235,4.841433,4.442343,5.832631,5.614143,4.3473897,2.1250312,1.4292207,1.5153741,2.1708145,3.2249823,3.496664,4.321993,4.357486,4.5453467,4.714019,5.1605177,4.521397,2.886395,2.1953776,0.9952619,0.65368396,0.8147164,1.457399,1.9825501,3.4702075,4.1233892,4.969124,6.1389036,7.020481,6.193699,4.571961,3.2469258,2.1124334,0.44786572,0.055442713,0.6481877,0.6399689,2.65537,3.6752267,3.8837235,4.841433,0.12103583,0.7654978,6.4714622,-6.744671,0
4.290109,5.6626587,5.234905,4.805245,3.1224115,3.2979867,2.4261544,0.18986584,-1.2095914,-2.9060771,-4.6186376,-5.1348557,-5.1762624,-3.644387,-1.6939431,0.8396102,1.8660696,1.4517359,0.201594,-0.21273886,-1.2934415,-2.496931,-3.5562046,-4.792295,-5.8232284,-5.4458456,-4.5340233,-4.1751804,-3.8047338,-2.259372,-1.8541112,-1.38713,-1.2169418,0.4140315,2.0415475,3.105334,5.259932,5.7834167,5.2195005,5.339831,4.290109,5.6626587,5.234905,4.805245,3.1224115,3.2979867,2.4261544,0.18986584,1.2095914,2.9060771,4.6186376,5.1348557,5.1762624,3.644387,1.6939431,0.8396102,1.8660696,1.4517359,0.201594,0.21273886,1.2934415,2.496931,3.5562046,4.792295,5.8232284,5.4458456,4.5340233,4.1751804,3.8047338,2.259372,1.8541112,1.38713,1.2169418,0.4140315,2.0415475,3.105334,5.259932,5.7834167,5.2195005,5.339831,0.13349578,0.8443014,6.423626,-7.079735,0
2.6716433,2.5754983,0.9235997,-0.6757546,-1.4867435,0.06318286,1.4173636,3.293146,4.414254,4.7839313,4.815744,4.4712896,4.510591,4.50904,3.5976653,3.5503511,2.9075441,3.010375,1.7867078,-0.23716795,-1.6095091,-3.5406308,-4.6358356,-5.0466948,-5.24001,-5.431658,-6.0645494,-4.807811,-4.5044365,-4.203299,-4.273759,-3.1488752,-0.9172815,0.5811867,2.9737487,3.8782983,4.1030807,5.038789,4.824691,5.485377,2.6716433,2.5754983,0.9235997,0.6757546,1.4867435,0.06318286,1.4173636,3.293146,4.414254,4.7839313,4.815744,4.4712896,4.510591,4.50904,3.5976653,3.5503511,2.9075441,3.010375,1.7867078,0.23716795,1.6095091,3.5406308,4.6358356,5.0466948,5.24001,5.431658,6.0645494,4.807811,4.5044365,4.203299,4.273759,3.1488752,0.9172815,0.5811867,2.9737487,3.8782983,4.1030807,5.038789,4.824691,5.485377,0.13713442,0.8673142,6.710968,-6.8403244,0
3.4442573,4.9907064,5.6639695,5.2034764,5.0474753,5.613801,4.7896004,4.6241913,4.0933447,4.212691,3.2357023,1.3020148,-0.594612,-2.2301526,-2.2794538,-0.6477547,0.4558527,1.7340285,1.9302583,2.0295982,1.5230597,1.6087855,1.0310379,0.66760916,-0.42280957,-1.8649495,-3.3111145,-4.8277144,-5.969152,-5.637192,-4.935995,-4.6445613,-4.547696,-3.1953247,-2.8344927,-2.5432794,-1.634947,0.1661353,0.7343819,0.65512955,3.4442573,4.9907064,5.6639695,5.2034764,5.0474753,5.613801,4.7896004,4.6241913,4.0933447,4.212691,3.2357023,1.3020148,0.594612,2.2301526,2.2794538,0.6477547,0.4558527,1.7340285,1.9302583,2.0295982,1.5230597,1.6087855,1.0310379,0.66760916,0.42280957,1.8649495,3.3111145,4.8277144,5.969152,5.637192,4.935995,4.6445613,4.547696,3.1953247,2.8344927,2.5432794,1.634947,0.1661353,0.7343819,0.65512955,0.016378239,0.10358508,6.23209,-6.313629,0
2.1809156,1.9906378,1.7432404,1.5635802,1.8651145,3.4475336,3.9001575,3.9692543,4.4662,4.7172437,3.8604474,3.6284006,2.648162,2.4690356,1.7270017,-0.34298304,-1.6590776,-3.3552425,-4.423765,-4.5792313,-4.896335,-5.410903,-6.4207363,-5.4017467,-4.9614058,-4.5431705,-4.4007597,-3.1238384,-1.0248393,0.5565761,2.8691154,4.21189,4.115099,4.5317626,4.650738,5.5423164,5.526466,5.113249,5.4958863,5.3570294,2.1809156,1.9906378,1.7432404,1.5635802,1.8651145,3.4475336,3.9001575,3.9692543,4.4662,4.7172437,3.8604474,3.6284006,2.648162,2.4690356,1.7270017,0.34298304,1.6590776,3.3552425,4.423765,4.5792313,4.896335,5.410903,6.4207363,5.4017467,4.9614058,4.5431705,4.4007597,3.1238384,1.0248393,0.5565761,2.8691154,4.21189,4.115099,4.5317626,4.650738,5.5423164,5.526466,5.113249,5.4958863,5.3570294,0.13392574,0.84702075,6.423645,-6.936207,0
2.0415595,1.4261599,-0.2871281,-1.5680314,-1.1023071,0.97960645,2.0819685,3.0656738,3.4855776,4.099597,4.640723,5.5160575,5.2349997,5.106089,4.8834233,5.1746626,4.5730453,2.7737386,1.9130551,0.18620573,-0.4885048,-1.0022552,-2.583444,-3.9707513,-5.9263268,-6.162721,-6.133136,-6.1758857,-6.400257,-6.365008,-4.427517,-2.938413,-1.2552071,-0.44710755,0.38856128,2.097029,3.3124378,5.404864,5.691273,4.847081,2.0415595,1.4261599,0.2871281,1.5680314,1.1023071,0.97960645,2.0819685,3.0656738,3.4855776,4.099597,4.640723,5.5160575,5.2349997,5.106089,4.8834233,5.1746626,4.5730453,2.7737386,1.9130551,0.18620573,0.4885048,1.0022552,2.583444,3.9707513,5.9263268,6.162721,6.133136,6.1758857,6.400257,6.365008,4.427517,2.938413,1.2552071,0.44710755,0.38856128,2.097029,3.3124378,5.404864,5.691273,4.847081,0.12117703,0.7663908,6.5673447,-6.88818,0
3.5425224,3.993273,3.6771872,2.6503484,1.7730408,2.9430144,3.577233,4.066684,4.237468,4.5072613,3.8242621,3.9563298,3.5413482,3.868314,2.9770498,0.89288527,-0.38370207,-2.321083,-3.3647087,-3.694964,-4.4695907,-5.191099,-6.132627,-6.922693,-5.986318,-4.2264137,-2.86913,-1.6279359,0.090878,0.5157837,1.3056899,1.5179597,3.2915847,4.087749,4.728765,6.1620774,6.3866534,5.7746363,5.99877,5.7604613,3.5425224,3.993273,3.6771872,2.6503484,1.7730408,2.9430144,3.577233,4.066684,4.237468,4.5072613,3.8242621,3.9563298,3.5413482,3.868314,2.9770498,0.89288527,0.38370207,2.321083,3.3647087,3.694964,4.4695907,5.191099,6.132627,6.922693,5.986318,4.2264137,2.86913,1.6279359,0.090878,0.5157837,1.3056899,1.5179597,3.2915847,4.087749,4.728765,6.1620774,6.3866534,5.7746363,5.99877,5.7604613,0.14401153,0.9108089,6.7111588,-6.600685,0
4.041713,5.112234,7.0612273,7.0526834,4.5527434,3.465969,1.1267387,-1.1717473,-2.8245108,-3.6201346,-5.299942,-7.800598,-7.0835204,-3.9203522,-1.2794502,2.3915925,3.877413,3.0883691,2.148958,1.9245079,0.67826706,0.54656947,0.028667405,-0.3626546,-1.7470647,-3.0078056,-4.142529,-5.4139895,-6.5732827,-6.072663,-5.053913,-4.4548693,-3.9294994,-2.245286,-1.7608893,-1.3567199,-0.6290004,1.2548962,1.7638589,1.584478,4.041713,5.112234,7.0612273,7.0526834,4.5527434,3.465969,1.1267387,1.1717473,2.8245108,3.6201346,5.299942,7.800598,7.0835204,3.9203522,1.2794502,2.3915925,3.877413,3.0883691,2.148958,1.9245079,0.67826706,0.54656947,0.028667405,0.3626546,1.7470647,3.0078056,4.142529,5.4139895,6.5732827,6.072663,5.053913,4.4548693,3.9294994,2.245286,1.7608893,1.3567199,0.6290004,1.2548962,1.7638589,1.584478,0.03961195,0.25052798,6.567383,-7.5588036,0
3.885184,5.8781977,6.5012255,5.2289295,4.3118167,3.623195,3.6961076,2.8925796,0.6846319,-0.6431731,-2.6177175,-4.0892987,-4.2343793,-4.5445523,-4.929535,-6.708514,-6.8089666,-5.051202,-3.4237466,-1.0351602,2.028858,2.8904169,2.0230193,2.2052288,1.6994702,1.5513586,0.63072044,-0.9961475,-2.383699,-3.990809,-5.040151,-5.084682,-5.096287,-5.0243993,-6.379147,-5.8367615,-2.886183,-0.1187784,2.017749,3.048343,3.885184,5.8781977,6.5012255,5.2289295,4.3118167,3.623195,3.6961076,2.8925796,0.6846319,0.6431731,2.6177175,4.0892987,4.2343793,4.5445523,4.929535,6.708514,6.8089666,5.051202,3.4237466,1.0351602,2.028858,2.8904169,2.0230193,2.2052288,1.6994702,1.5513586,0.63072044,0.9961475,2.383699,3.990809,5.040151,5.084682,5.096287,5.0243993,6.379147,5.8367615,2.886183,0.1187784,2.017749,3.048343,0.07620858,0.48198533,6.2319565,-7.415104,0
3.357245,4.210961,5.071983,4.2437325,1.4904631,0.4656553,-1.5007458,-2.418018,-2.7711577,-4.0579,-5.2138295,-6.897177,-6.9063277,-6.857104,-6.6718206,-6.493463,-5.868846,-3.597932,-2.0002158,0.23809126,1.7222793,2.0590048,2.1326444,0.9416321,-0.32661608,-2.0814142,-2.7339509,-2.495866,-2.266825,-2.091028,-0.91711366,0.67593765,1.9237409,3.5649004,4.3509264,4.2100735,4.926235,4.916527,5.4094505,5.145802,3.357245,4.210961,5.071983,4.2437325,1.4904631,0.4656553,1.5007458,2.418018,2.7711577,4.0579,5.2138295,6.897177,6.9063277,6.857104,6.6718206,6.493463,5.868846,3.597932,2.0002158,0.23809126,1.7222793,2.0590048,2.1326444,0.9416321,0.32661608,2.0814142,2.7339509,2.495866,2.266825,2.091028,0.91711366,0.67593765,1.9237409,3.5649004,4.3509264,4.2100735,4.926235,4.916527,5.4094505,5.145802,0.12864505,0.8136227,5.9446907,-7.702408,0
3.5684328,5.376438,5.904835,6.300144,5.5840297,4.685783,4.13751,3.32269,2.248367,1.2159055,0.23701519,0.061449703,0.07272307,1.4168563,2.6041625,3.0480855,3.227023,3.696503,3.2506938,1.5511595,0.6606722,-0.52583444,-2.0273392,-2.146746,-2.6980238,-3.2463987,-4.7634263,-5.024727,-5.55482,-6.148102,-6.651417,-5.678438,-3.9337246,-2.6156228,-1.1114506,0.2714596,1.1446396,1.940694,1.6208812,2.2084527,3.5684328,5.376438,5.904835,6.300144,5.5840297,4.685783,4.13751,3.32269,2.248367,1.2159055,0.23701519,0.061449703,0.07272307,1.4168563,2.6041625,3.0480855,3.227023,3.696503,3.2506938,1.5511595,0.6606722,0.52583444,2.0273392,2.146746,2.6980238,3.2463987,4.7634263,5.024727,5.55482,6.148102,6.651417,5.678438,3.9337246,2.6156228,1.1114506,0.2714596,1.1446396,1.940694,1.6208812,2.2084527,0.055211317,0.34918705,6.1363983,-6.9839096,0
4.0198326,4.0705953,4.4086885,2.8341541,0.9623527,0.85350174,0.8453369,1.6197358,2.0905187,3.108598,4.584905,3.6864889,2.5841248,2.0052712,1.0654432,-0.36696178,-0.5623877,-1.2200356,-1.7610408,-3.3434677,-4.3269396,-5.3048363,-6.346025,-7.205725,-6.4609942,-4.923757,-3.9657342,-3.1227977,-1.3713864,-0.84200424,-0.17968518,-0.051466357,1.731537,2.944388,3.7867708,5.648958,6.0497837,5.468014,5.753988,5.515343,4.0198326,4.0705953,4.4086885,2.8341541,0.9623527,0.85350174,0.8453369,1.6197358,2.0905187,3.108598,4.584905,3.6864889,2.5841248,2.0052712,1.0654432,0.36696178,0.5623877,1.2200356,1.7610408,3.3434677,4.3269396,5.3048363,6.346025,7.205725,6.4609942,4.923757,3.9657342,3.1227977,1.3713864,0.84200424,0.17968518,0.051466357,1.731537,2.944388,3.7867708,5.648958,6.0497837,5.468014,5.753988,5.515343,0.13788357,0.8720523,6.6152573,-6.936054,0
4.5639954,5.800174,5.4850626,4.1548333,2.183435,1.8061332,2.1154397,2.7113853,3.5093632,3.6588204,4.3419347,4.133419,4.432234,4.4232054,4.927195,4.2877426,2.4805107,1.4357601,-0.17054987,-1.8014089,-1.8665565,-2.4832284,-3.0618427,-4.695955,-5.106256,-5.7971797,-6.5147786,-7.1293645,-6.2342815,-4.543241,-3.0719988,-1.5103505,0.26326174,0.55800605,1.3162049,1.3684072,3.3581264,4.3060904,4.400394,5.1905584,4.5639954,5.800174,5.4850626,4.1548333,2.183435,1.8061332,2.1154397,2.7113853,3.5093632,3.6588204,4.3419347,4.133419,4.432234,4.4232054,4.927195,4.2877426,2.4805107,1.4357601,0.17054987,1.8014089,1.8665565,2.4832284,3.0618427,4.695955,5.106256,5.7971797,6.5147786,7.1293645,6.2342815,4.543241,3.0719988,1.5103505,0.26326174,0.55800605,1.3162049,1.3684072,3.3581264,4.3060904,4.400394,5.1905584,0.12976396,0.82069933,6.5195084,-7.271137,0
3.4540699,5.1007566,5.331565,5.489024,4.3959913,2.7654133,1.8950167,0.4553551,-1.0615447,-1.9071519,-2.605977,-2.0571084,-1.1378918,0.7894716,2.2321708,2.3187847,1.9179578,2.035394,1.3003813,-0.26776752,-1.4663408,-3.2403216,-4.4126673,-4.8408365,-5.1461143,-5.586902,-6.2190166,-5.161979,-4.927711,-4.6705627,-4.4104104,-3.3075197,-1.3375585,0.09215664,2.086898,3.0900338,3.2750764,4.022583,3.686702,4.124815,3.4540699,5.1007566,5.331565,5.489024,4.3959913,2.7654133,1.8950167,0.4553551,1.0615447,1.9071519,2.605977,2.0571084,1.1378918,0.7894716,2.2321708,2.3187847,1.9179578,2.035394,1.3003813,0.26776752,1.4663408,3.2403216,4.4126673,4.8408365,5.1461143,5.586902,6.2190166,5.161979,4.927711,4.6705627,4.4104104,3.3075197,1.3375585,0.09215664,2.086898,3.0900338,3.2750764,4.022583,3.686702,4.124815,0.10312037,0.6521905,5.848999,-7.1276093,0
3.0507305,3.6159534,4.4362593,3.6552248,1.1716189,0.3330019,-1.5615071,-2.6397374,-3.314237,-4.550977,-5.4313207,-6.987312,-6.4105644,-6.2030635,-5.965879,-5.894913,-5.3737783,-3.21785,-1.6259458,0.1552753,1.9936514,2.5610018,2.8734086,1.6802713,0.124921285,-1.6448481,-3.6602817,-2.9210126,-0.92723894,0.17981078,1.6498469,2.7616944,2.9075756,3.4813068,3.6919336,4.5141773,4.6838446,4.4377265,4.7436843,4.580274,3.0507305,3.6159534,4.4362593,3.6552248,1.1716189,0.3330019,1.5615071,2.6397374,3.314237,4.550977,5.4313207,6.987312,6.4105644,6.2030635,5.965879,5.894913,5.3737783,3.21785,1.6259458,0.1552753,1.9936514,2.5610018,2.8734086,1.6802713,0.124921285,1.6448481,3.6602817,2.9210126,0.92723894,0.17981078,1.6498469,2.7616944,2.9075756,3.4813068,3.6919336,4.5141773,4.6838446,4.4377265,4.7436843,4.580274,0.114506856,0.7242049,5.609646,-7.367115,0
2.5178175,2.763505,3.0692577,2.0242383,-0.54643875,-1.74435,-3.718331,-4.8247976,-5.049685,-5.518813,-6.052351,-7.1483536,-6.0838223,-5.6640263,-5.3338656,-4.415932,-2.9394534,-1.8902347,-1.3096896,-0.8163065,-1.8130616,-3.2645738,-3.878499,-4.2099304,-4.7508583,-4.609118,-2.9388447,-1.9494548,-0.6351454,-0.015003765,0.59453297,2.1246083,2.9467912,4.661385,4.978606,4.6323776,4.9644575,4.637421,4.7952576,4.6881027,2.5178175,2.763505,3.0692577,2.0242383,0.54643875,1.74435,3.718331,4.8247976,5.049685,5.518813,6.052351,7.1483536,6.0838223,5.6640263,5.3338656,4.415932,2.9394534,1.8902347,1.3096896,0.8163065,1.8130616,3.2645738,3.878499,4.2099304,4.7508583,4.609118,2.9388447,1.9494548,0.6351454,0.015003765,0.59453297,2.1246083,2.9467912,4.661385,4.978606,4.6323776,4.9644575,4.637421,4.7952576,4.6881027,0.117202565,0.7412541,5.466099,-7.366905,0
3.51408,3.3954065,3.4963183,2.1434453,1.1232952,0.47956592,-1.6341752,-3.1644711,-5.324085,-5.86085,-6.414251,-7.068012,-6.1605334,-4.3945775,-1.892598,-0.34095582,0.15564507,-0.7993857,-2.4274905,-3.0996668,-3.7519794,-4.715945,-5.818214,-5.5287933,-5.703165,-5.615785,-5.598947,-4.8517804,-2.808703,-1.2347645,0.7469313,1.4466655,1.8758333,3.1503139,3.8586526,5.2871466,5.5860677,5.10811,5.3435235,5.139704,3.51408,3.3954065,3.4963183,2.1434453,1.1232952,0.47956592,1.6341752,3.1644711,5.324085,5.86085,6.414251,7.068012,6.1605334,4.3945775,1.892598,0.34095582,0.15564507,0.7993857,2.4274905,3.0996668,3.7519794,4.715945,5.818214,5.5287933,5.703165,5.615785,5.598947,4.8517804,2.808703,1.2347645,0.7469313,1.4466655,1.8758333,3.1503139,3.8586526,5.2871466,5.5860677,5.10811,5.3435235,5.139704,0.12849261,0.8126586,5.705433,-7.271309,0
3.1774218,2.4843447,2.0971358,0.80922896,-1.3894103,-1.3039234,-1.9279765,-2.470985,-4.1132402,-4.823798,-5.5206327,-7.665185,-7.791653,-5.5738816,-3.5625155,-1.6155614,-0.39212984,-0.6715406,-2.283905,-3.7087312,-3.7897701,-4.544103,-5.076208,-4.4608507,-4.4528265,-4.238754,-4.1753697,-3.2122052,-1.2979183,0.04152578,1.9167498,2.9733443,2.9558096,3.3851004,3.5863504,4.485591,4.752486,4.516419,4.8516264,4.699715,3.1774218,2.4843447,2.0971358,0.80922896,1.3894103,1.3039234,1.9279765,2.470985,4.1132402,4.823798,5.5206327,7.665185,7.791653,5.5738816,3.5625155,1.6155614,0.39212984,0.6715406,2.283905,3.7087312,3.7897701,4.544103,5.076208,4.4608507,4.4528265,4.238754,4.1753697,3.2122052,1.2979183,0.04152578,1.9167498,2.9733443,2.9558096,3.3851004,3.5863504,4.485591,4.752486,4.516419,4.8516264,4.699715,0.11749288,0.7430902,5.705414,-7.5107193,0
3.324841,3.9122946,2.3411121,0.075482234,-1.2208515,-1.756436,-1.5459205,-0.92509264,-0.11807937,1.2210329,2.3374624,3.749686,4.426669,4.1217213,4.097498,4.2202873,4.403246,3.6633162,3.6653368,3.0880497,3.2916696,2.2117555,0.12123966,-1.1383605,-2.9389987,-4.224957,-4.4365683,-4.905808,-5.3097563,-6.6113677,-5.9291406,-5.908726,-5.8964696,-5.8664703,-4.715127,-2.8530471,-0.7183351,1.414711,1.8521382,1.0185499,3.324841,3.9122946,2.3411121,0.075482234,1.2208515,1.756436,1.5459205,0.92509264,0.11807937,1.2210329,2.3374624,3.749686,4.426669,4.1217213,4.097498,4.2202873,4.403246,3.6633162,3.6653368,3.0880497,3.2916696,2.2117555,0.12123966,1.1383605,2.9389987,4.224957,4.4365683,4.905808,5.3097563,6.6113677,5.9291406,5.908726,5.8964696,5.8664703,4.715127,2.8530471,0.7183351,1.414711,1.8521382,1.0185499,0.025463749,0.16104689,5.3224754,-7.3670197,0
3.1877384,4.3528237,4.107031,4.116031,2.8959515,3.2362702,2.0503259,-0.11709462,-1.4715828,-3.385971,-4.4693394,-4.7575254,-5.3651724,-6.0567617,-7.269517,-6.421199,-6.0335655,-6.115187,-5.339992,-3.8352294,-2.6523767,-2.112572,-1.7429917,-2.6908882,-4.895309,-5.138422,-4.334536,-4.063311,-3.631807,-2.3202817,-1.9631217,-1.44243,-1.1497786,0.3655713,1.7406116,2.5461192,4.3647547,4.8179383,4.377821,4.5675817,3.1877384,4.3528237,4.107031,4.116031,2.8959515,3.2362702,2.0503259,0.11709462,1.4715828,3.385971,4.4693394,4.7575254,5.3651724,6.0567617,7.269517,6.421199,6.0335655,6.115187,5.339992,3.8352294,2.6523767,2.112572,1.7429917,2.6908882,4.895309,5.138422,4.334536,4.063311,3.631807,2.3202817,1.9631217,1.44243,1.1497786,0.3655713,1.7406116,2.5461192,4.3647547,4.8179383,4.377821,4.5675817,0.11418954,0.72219807,5.513954,-7.6543045,0
3.2168934,4.20586,5.1977406,4.5389185,2.203301,1.7043473,0.20742528,-0.46327132,-1.2453625,-3.1393125,-4.8611474,-6.911273,-7.2182164,-7.2467823,-7.156593,-7.238305,-7.020547,-4.934478,-3.5076566,-1.9825097,-0.75505626,-0.12164305,0.227147,-0.46960008,-0.93304956,-2.458124,-3.4629445,-3.713768,-3.551705,-3.5216908,-2.657199,-0.9267419,0.35745388,2.0504012,2.837539,2.848204,3.801222,3.8975525,4.645976,4.5463004,3.2168934,4.20586,5.1977406,4.5389185,2.203301,1.7043473,0.20742528,0.46327132,1.2453625,3.1393125,4.8611474,6.911273,7.2182164,7.2467823,7.156593,7.238305,7.020547,4.934478,3.5076566,1.9825097,0.75505626,0.12164305,0.227147,0.46960008,0.93304956,2.458124,3.4629445,3.713768,3.551705,3.5216908,2.657199,0.9267419,0.35745388,2.0504012,2.837539,2.848204,3.801222,3.8975525,4.645976,4.5463004,0.11365751,0.7188332,5.466099,-7.845745,0
3.0904512,3.6249049,4.3737903,3.5880642,0.9324358,-0.077398874,-1.7059202,-3.5689442,-4.3545003,-4.5545073,-3.1561255,-1.5252546,0.75323904,1.9479094,1.7387398,0.7017981,0.44752833,-0.5638624,-2.1587036,-3.5839896,-5.0572753,-6.059521,-5.841193,-5.36267,-5.3021746,-5.488819,-4.1458173,-3.8309686,-3.2010157,-2.9331534,-1.3760693,0.21528755,1.3147305,3.352574,4.2407293,3.9618695,4.708733,4.4657407,4.9387946,4.79704,3.0904512,3.6249049,4.3737903,3.5880642,0.9324358,0.077398874,1.7059202,3.5689442,4.3545003,4.5545073,3.1561255,1.5252546,0.75323904,1.9479094,1.7387398,0.7017981,0.44752833,0.5638624,2.1587036,3.5839896,5.0572753,6.059521,5.841193,5.36267,5.3021746,5.488819,4.1458173,3.8309686,3.2010157,2.9331534,1.3760693,0.21528755,1.3147305,3.352574,4.2407293,3.9618695,4.708733,4.4657407,4.9387946,4.79704,0.119926,0.75847864,5.561905,-7.031708,0
3.5081725,4.7051,5.3302975,5.792916,5.6920433,4.442085,2.1769593,0.35573912,-0.3954759,0.20827834,1.9753542,3.3661504,3.3247292,3.320145,3.7005486,4.394728,3.9964812,2.7035906,2.2323468,1.3831515,-0.045911036,-0.16018629,-0.85120374,-1.3437555,-3.028201,-4.0934877,-5.20756,-6.8897934,-6.9316435,-6.893911,-6.7694554,-6.9145722,-6.5001407,-4.3452086,-2.8065515,-1.1411566,0.1768238,1.0598236,1.830662,1.5748276,3.5081725,4.7051,5.3302975,5.792916,5.6920433,4.442085,2.1769593,0.35573912,0.3954759,0.20827834,1.9753542,3.3661504,3.3247292,3.320145,3.7005486,4.394728,3.9964812,2.7035906,2.2323468,1.3831515,0.045911036,0.16018629,0.85120374,1.3437555,3.028201,4.0934877,5.20756,6.8897934,6.9316435,6.893911,6.7694554,6.9145722,6.5001407,4.3452086,2.8065515,1.1411566,0.1768238,1.0598236,1.830662,1.5748276,0.03937069,0.2490021,5.753498,-7.27108,0
3.405838,3.1603696,3.2174103,1.8114012,0.7645706,0.20367065,-2.019683,-3.517282,-5.375421,-6.9225826,-7.024038,-6.574532,-4.652079,-2.6428967,-0.591529,0.264935,-0.30880362,-1.6144397,-2.1907406,-3.1155157,-3.7759771,-4.6979647,-5.675767,-5.294031,-5.481008,-5.390835,-5.562637,-4.918492,-2.9227304,-1.5148695,0.44149345,1.2259494,1.5331175,2.729347,3.3276193,4.742203,5.1074224,4.6709843,4.987427,4.8140807,3.405838,3.1603696,3.2174103,1.8114012,0.7645706,0.20367065,2.019683,3.517282,5.375421,6.9225826,7.024038,6.574532,4.652079,2.6428967,0.591529,0.264935,0.30880362,1.6144397,2.1907406,3.1155157,3.7759771,4.6979647,5.675767,5.294031,5.481008,5.390835,5.562637,4.918492,2.9227304,1.5148695,0.44149345,1.2259494,1.5331175,2.729347,3.3276193,4.742203,5.1074224,4.6709843,4.987427,4.8140807,0.120352015,0.761173,5.6575966,-7.8458977,0
3.2594705,3.5772674,1.9209243,-0.1372048,-0.92433184,-0.27439034,0.9409404,1.4100789,2.2958984,2.8809075,3.324603,4.2094283,4.9278283,4.3834543,3.480448,3.0915763,2.4901793,1.054417,1.1043307,0.50428647,0.22660445,-1.1749892,-2.7428954,-4.225642,-5.9555173,-7.0528455,-6.6252155,-6.039876,-5.7012296,-5.684391,-4.2181625,-3.6810727,-3.1016848,-2.7467802,-0.8802926,0.7411025,2.1049721,4.2123594,4.4213076,3.5211973,3.2594705,3.5772674,1.9209243,0.1372048,0.92433184,0.27439034,0.9409404,1.4100789,2.2958984,2.8809075,3.324603,4.2094283,4.9278283,4.3834543,3.480448,3.0915763,2.4901793,1.054417,1.1043307,0.50428647,0.22660445,1.1749892,2.7428954,4.225642,5.9555173,7.0528455,6.6252155,6.039876,5.7012296,5.684391,4.2181625,3.6810727,3.1016848,2.7467802,0.8802926,0.7411025,2.1049721,4.2123594,4.4213076,3.5211973,0.088029936,0.5567502,5.7056046,-7.654171,0
4.019051,5.6761246,5.1111298,3.0625982,1.212823,0.3309937,0.1781809,0.8268095,2.0929177,2.4871519,3.1788578,3.9190133,4.7090745,4.311932,3.5069356,3.1917334,2.6193523,1.2333765,1.2019243,0.5778844,0.43850702,-0.98785883,-2.6222858,-4.0806947,-6.030129,-6.5577383,-6.5594,-6.6896524,-7.0514226,-7.3127446,-5.467005,-4.410765,-3.193355,-2.5399652,-1.5085161,0.26441225,1.7498294,4.0575733,4.3751254,3.4693227,4.019051,5.6761246,5.1111298,3.0625982,1.212823,0.3309937,0.1781809,0.8268095,2.0929177,2.4871519,3.1788578,3.9190133,4.7090745,4.311932,3.5069356,3.1917334,2.6193523,1.2333765,1.2019243,0.5778844,0.43850702,0.98785883,2.6222858,4.0806947,6.030129,6.5577383,6.5594,6.6896524,7.0514226,7.3127446,5.467005,4.410765,3.193355,2.5399652,1.5085161,0.26441225,1.7498294,4.0575733,4.3751254,3.4693227,0.086733066,0.5485481,5.9452057,-7.5102997,0
3.0506392,4.583215,5.238661,4.9127784,4.699158,4.6378536,4.942144,4.5759296,2.7539499,1.9466066,0.4936567,-0.013631497,-0.81359243,-2.6857848,-4.204255,-6.3492603,-6.802873,-6.751957,-6.8816466,-7.278694,-7.3593,-6.086831,-4.492666,-2.7106283,-1.778022,-2.0985906,-3.001719,-4.293516,-4.961457,-5.813468,-5.1349306,-5.1380663,-4.8737683,-4.723777,-3.8468013,-2.136169,-0.36254475,1.5399024,1.8824579,1.1089227,3.0506392,4.583215,5.238661,4.9127784,4.699158,4.6378536,4.942144,4.5759296,2.7539499,1.9466066,0.4936567,0.013631497,0.81359243,2.6857848,4.204255,6.3492603,6.802873,6.751957,6.8816466,7.278694,7.3593,6.086831,4.492666,2.7106283,1.778022,2.0985906,3.001719,4.293516,4.961457,5.813468,5.1349306,5.1380663,4.8737683,4.723777,3.8468013,2.136169,0.36254475,1.5399024,1.8824579,1.1089227,0.027723068,0.17533608,5.3225327,-7.7020645,0
3.2271922,2.5561504,2.1681838,0.5471995,-0.4461709,-1.8888618,-3.9435449,-4.556228,-3.9813964,-1.4543296,1.0932735,2.5194414,2.529604,1.4638567,1.0562106,-0.5590601,-1.8018461,-3.4468064,-4.4605455,-4.8167267,-5.357751,-5.981265,-6.9568315,-6.049914,-5.752901,-5.3874726,-5.2336793,-4.143722,-2.1035368,-0.4888514,1.8109702,2.7287076,2.7841752,3.7274837,4.131778,5.1819525,5.1976976,4.6497593,4.784381,4.5765457,3.2271922,2.5561504,2.1681838,0.5471995,0.4461709,1.8888618,3.9435449,4.556228,3.9813964,1.4543296,1.0932735,2.5194414,2.529604,1.4638567,1.0562106,0.5590601,1.8018461,3.4468064,4.4605455,4.8167267,5.357751,5.981265,6.9568315,6.049914,5.752901,5.3874726,5.2336793,4.143722,2.1035368,0.4888514,1.8109702,2.7287076,2.7841752,3.7274837,4.131778,5.1819525,5.1976976,4.6497593,4.784381,4.5765457,0.11441364,0.7236154,5.657673,-7.8936768,0
2.0608885,1.9360019,1.6249201,1.4065344,1.5179532,3.225615,3.5232048,3.1188054,3.315041,2.860525,3.0616763,2.5358431,0.60905516,-0.5494402,-2.0271738,-3.4483209,-3.809959,-4.367835,-4.7451067,-5.953179,-5.7562723,-6.0147843,-6.660965,-5.5574927,-5.371889,-5.003234,-4.7290106,-3.3655856,-1.3710523,0.16717573,2.4490342,3.2371812,3.2962174,4.2257886,4.5818524,5.4380956,5.238188,4.5497212,4.5853376,4.455411,2.0608885,1.9360019,1.6249201,1.4065344,1.5179532,3.225615,3.5232048,3.1188054,3.315041,2.860525,3.0616763,2.5358431,0.60905516,0.5494402,2.0271738,3.4483209,3.809959,4.367835,4.7451067,5.953179,5.7562723,6.0147843,6.660965,5.5574927,5.371889,5.003234,4.7290106,3.3655856,1.3710523,0.16717573,2.4490342,3.2371812,3.2962174,4.2257886,4.5818524,5.4380956,5.238188,4.5497212,4.5853376,4.455411,0.11138527,0.70446235,5.6098366,-7.319126,0
3.1635995,4.43799,4.840045,5.3773255,5.3696446,4.7996817,3.0737991,1.4183505,0.36074027,0.29163966,0.9772135,2.2060483,2.4860997,3.1932132,4.0788145,4.0642,4.1000385,3.9675555,4.389493,4.07083,2.385487,1.5772732,0.123778924,-0.42748114,-1.0673705,-2.7826173,-4.113999,-6.036532,-6.4592223,-6.4743986,-6.495723,-6.975701,-7.3306713,-5.5270095,-4.341732,-3.1590035,-1.7760656,-0.60185635,0.13894808,-0.060077835,3.1635995,4.43799,4.840045,5.3773255,5.3696446,4.7996817,3.0737991,1.4183505,0.36074027,0.29163966,0.9772135,2.2060483,2.4860997,3.1932132,4.0788145,4.0642,4.1000385,3.9675555,4.389493,4.07083,2.385487,1.5772732,0.123778924,0.42748114,1.0673705,2.7826173,4.113999,6.036532,6.4592223,6.4743986,6.495723,6.975701,7.3306713,5.5270095,4.341732,3.1590035,1.7760656,0.60185635,0.13894808,0.060077835,-0.0015019459,0.00949914,5.8013916,-7.5104713,0
3.2469034,2.3991878,1.1671451,-1.6303549,-3.1322033,-2.5453382,-0.89917076,0.31202984,1.4794701,3.0800023,3.893045,3.7739425,4.07934,4.1414084,4.6758585,4.0688677,4.041194,3.7247667,4.0331984,3.1409314,0.9010672,-0.27950785,-2.053909,-3.012028,-3.480689,-4.6376133,-5.7708764,-7.510695,-7.1186705,-6.7957525,-6.4949527,-6.529136,-6.0335717,-3.8525362,-2.2067223,-0.25761238,1.0727535,1.72514,2.6092703,2.2817726,3.2469034,2.3991878,1.1671451,1.6303549,3.1322033,2.5453382,0.89917076,0.31202984,1.4794701,3.0800023,3.893045,3.7739425,4.07934,4.1414084,4.6758585,4.0688677,4.041194,3.7247667,4.0331984,3.1409314,0.9010672,0.27950785,2.053909,3.012028,3.480689,4.6376133,5.7708764,7.510695,7.1186705,6.7957525,6.4949527,6.529136,6.0335717,3.8525362,2.2067223,0.25761238,1.0727535,1.72514,2.6092703,2.2817726,0.057044316,0.3607799,5.9451103,-7.8456306,0
2.6606958,2.9904418,3.4324899,2.3126857,-0.42173675,-1.721564,-3.6503448,-5.031291,-4.9028974,-6.314884,-6.7240734,-6.351586,-4.060896,-1.825021,-0.25015968,0.26362622,-0.11979421,-2.0103202,-3.0060933,-4.170193,-5.4050546,-6.6358986,-6.2796025,-5.2691054,-4.8002033,-4.3396873,-2.7456605,-2.3540173,-1.8694978,-1.6453921,-0.042875152,1.3915366,2.38449,4.3327,4.9041824,4.540511,4.943914,4.590638,4.8182397,4.7332973,2.6606958,2.9904418,3.4324899,2.3126857,0.42173675,1.721564,3.6503448,5.031291,4.9028974,6.314884,6.7240734,6.351586,4.060896,1.825021,0.25015968,0.26362622,0.11979421,2.0103202,3.0060933,4.170193,5.4050546,6.6358986,6.2796025,5.2691054,4.8002033,4.3396873,2.7456605,2.3540173,1.8694978,1.6453921,0.042875152,1.3915366,2.38449,4.3327,4.9041824,4.540511,4.943914,4.590638,4.8182397,4.7332973,0.11833243,0.74840003,5.3224564,-7.7021027,0
3.0906339,4.166653,3.8137121,3.7473724,2.5013993,2.851543,1.770637,-0.27389234,-1.7055122,-3.719683,-5.0190406,-5.2431574,-5.7601676,-6.292921,-7.4378085,-6.4288716,-6.225954,-5.8268156,-5.7628837,-4.072753,-2.2640846,-0.51188976,0.87565815,0.30727386,-2.3741958,-3.4344845,-3.8742774,-3.3993459,-3.4021428,-2.15043,-1.8888013,-1.3941116,-1.0872797,0.40686366,1.7101398,2.5418022,4.332321,4.778137,4.2233806,4.3653626,3.0906339,4.166653,3.8137121,3.7473724,2.5013993,2.851543,1.770637,0.27389234,1.7055122,3.719683,5.0190406,5.2431574,5.7601676,6.292921,7.4378085,6.4288716,6.225954,5.8268156,5.7628837,4.072753,2.2640846,0.51188976,0.87565815,0.30727386,2.3741958,3.4344845,3.8742774,3.3993459,3.4021428,2.15043,1.8888013,1.3941116,1.0872797,0.40686366,1.7101398,2.5418022,4.332321,4.778137,4.2233806,4.3653626,0.10913406,0.6902244,5.4660797,-7.797985,0
3.124976,4.652255,5.277754,4.618014,4.3865523,4.579636,3.590458,3.4644496,2.7296648,2.7527883,1.4178209,-0.74056476,-2.2378232,-4.2122617,-5.0943837,-6.014908,-6.9367733,-6.1499443,-4.7564526,-2.0478392,-0.18073942,0.3942295,-0.22749956,-1.4438375,-2.2510827,-3.38605,-4.558409,-5.6431494,-6.6794486,-6.174375,-5.0100636,-4.534688,-3.9158795,-2.359571,-1.8504937,-1.3633387,-0.6621695,1.0662553,1.492633,1.3139225,3.124976,4.652255,5.277754,4.618014,4.3865523,4.579636,3.590458,3.4644496,2.7296648,2.7527883,1.4178209,0.74056476,2.2378232,4.2122617,5.0943837,6.014908,6.9367733,6.1499443,4.7564526,2.0478392,0.18073942,0.3942295,0.22749956,1.4438375,2.2510827,3.38605,4.558409,5.6431494,6.6794486,6.174375,5.0100636,4.534688,3.9158795,2.359571,1.8504937,1.3633387,0.6621695,1.0662553,1.492633,1.3139225,0.032848064,0.2077494,5.4660416,-7.750149,0
2.850115,4.8225665,5.3626914,4.445318,3.0939329,1.5163429,-0.21603052,-0.5892972,-0.0025058293,1.1550082,1.3849458,2.3842828,2.977208,3.494682,4.4129925,4.329283,4.2277145,4.2055078,4.745879,4.51897,2.7993658,1.9851186,0.43963844,-0.10783598,-0.79907906,-2.6441474,-4.112043,-6.22623,-6.6917806,-6.739436,-6.9058557,-7.337712,-7.5765877,-5.7410994,-4.619996,-3.5672178,-2.2212248,-1.0703354,-0.2576383,-0.2850995,2.850115,4.8225665,5.3626914,4.445318,3.0939329,1.5163429,0.21603052,0.5892972,0.0025058293,1.1550082,1.3849458,2.3842828,2.977208,3.494682,4.4129925,4.329283,4.2277145,4.2055078,4.745879,4.51897,2.7993658,1.9851186,0.43963844,0.10783598,0.79907906,2.6441474,4.112043,6.22623,6.6917806,6.739436,6.9058557,7.337712,7.5765877,5.7410994,4.619996,3.5672178,2.2212248,1.0703354,0.2576383,0.2850995,-0.0071274876,0.04507819,5.6097794,-7.7500534,0
3.0280185,2.2097695,1.960559,0.7684204,-1.394177,-1.2613264,-1.8559994,-2.405473,-4.1912737,-5.136131,-6.029096,-7.2645183,-7.9696364,-6.9936438,-5.4118824,-4.273149,-3.223385,-1.6034696,-1.0774412,-0.5453784,0.5350704,2.5331717,2.5551543,1.5347154,0.2491842,-1.5761458,-3.5737178,-3.0167413,-1.1698784,-4.293535E-4,1.4135798,2.2479427,2.491265,3.1912277,3.6394906,4.5374804,4.721998,4.3561163,4.487948,4.3363676,3.0280185,2.2097695,1.960559,0.7684204,1.394177,1.2613264,1.8559994,2.405473,4.1912737,5.136131,6.029096,7.2645183,7.9696364,6.9936438,5.4118824,4.273149,3.223385,1.6034696,1.0774412,0.5453784,0.5350704,2.5331717,2.5551543,1.5347154,0.2491842,1.5761458,3.5737178,3.0167413,1.1698784,4.293535E-4,1.4135798,2.2479427,2.491265,3.1912277,3.6394906,4.5374804,4.721998,4.3561163,4.487948,4.3363676,0.10840919,0.6856399,5.131054,-7.7498627,0
3.1507533,4.751973,4.97266,5.173646,4.053797,2.3532498,1.2801669,-0.4162046,-1.1480656,-1.8513525,-3.6064434,-5.029357,-7.0598335,-7.3360796,-7.3823967,-7.323352,-7.440336,-7.0352874,-5.3620057,-3.3752851,-1.5904729,-0.85131156,-1.6423637,-2.6190448,-3.9251363,-4.5102754,-5.112147,-4.406383,-4.4296236,-4.032055,-4.005186,-2.9172406,-1.1517556,0.17941718,2.2357888,2.8920555,3.1291256,4.0747733,3.9997628,4.6267414,3.1507533,4.751973,4.97266,5.173646,4.053797,2.3532498,1.2801669,0.4162046,1.1480656,1.8513525,3.6064434,5.029357,7.0598335,7.3360796,7.3823967,7.323352,7.440336,7.0352874,5.3620057,3.3752851,1.5904729,0.85131156,1.6423637,2.6190448,3.9251363,4.5102754,5.112147,4.406383,4.4296236,4.032055,4.005186,2.9172406,1.1517556,0.17941718,2.2357888,2.8920555,3.1291256,4.0747733,3.9997628,4.6267414,0.115668535,0.73155206,5.561943,-7.8456306,0
3.055987,4.5484853,5.100347,4.362813,4.0739746,3.8296237,4.2122793,3.4712472,1.4311719,0.24098021,-1.4605395,-3.1468747,-3.4348195,-4.01466,-4.4767423,-6.0395246,-6.0311365,-6.479179,-7.07501,-7.4705005,-6.185652,-4.6067905,-2.2335308,0.10791014,0.8790644,-0.26396647,-1.3999561,-2.9177928,-3.6562831,-4.2177444,-3.4150856,-3.6375508,-3.3061554,-3.0453157,-1.8586906,-0.39377075,1.2140024,3.264812,3.641755,2.911641,3.055987,4.5484853,5.100347,4.362813,4.0739746,3.8296237,4.2122793,3.4712472,1.4311719,0.24098021,1.4605395,3.1468747,3.4348195,4.01466,4.4767423,6.0395246,6.0311365,6.479179,7.07501,7.4705005,6.185652,4.6067905,2.2335308,0.10791014,0.8790644,0.26396647,1.3999561,2.9177928,3.6562831,4.2177444,3.4150856,3.6375508,3.3061554,3.0453157,1.8586906,0.39377075,1.2140024,3.264812,3.641755,2.911641,0.072791025,0.46037084,5.178871,-7.941456,0
2.9797509,5.032859,5.509288,4.524058,3.1312575,1.7537224,0.39105466,-0.2633767,0.537839,2.2173963,2.9418128,3.823283,4.461978,4.1476574,3.5986009,3.6136813,3.3873274,2.356197,2.2189322,1.5324973,1.5944843,0.3030724,-1.6951271,-3.1362274,-5.1670256,-6.399407,-6.295021,-6.3571806,-6.5934734,-7.1616244,-5.7818885,-5.288663,-4.710734,-4.3662148,-2.8665278,-1.1901141,0.7733652,3.1179285,3.5001001,2.6540086,2.9797509,5.032859,5.509288,4.524058,3.1312575,1.7537224,0.39105466,0.2633767,0.537839,2.2173963,2.9418128,3.823283,4.461978,4.1476574,3.5986009,3.6136813,3.3873274,2.356197,2.2189322,1.5324973,1.5944843,0.3030724,1.6951271,3.1362274,5.1670256,6.399407,6.295021,6.3571806,6.5934734,7.1616244,5.7818885,5.288663,4.710734,4.3662148,2.8665278,1.1901141,0.7733652,3.1179285,3.5001001,2.6540086,0.066350214,0.4196356,5.705776,-7.941189,0
3.0370684,4.5101743,4.8080034,5.162467,4.325227,3.0355496,2.5616243,1.6430017,0.03814328,-0.09364593,-0.8320868,-1.2567546,-2.8995507,-4.171879,-5.3687644,-6.825176,-7.885899,-7.277116,-6.058111,-5.199203,-4.6030655,-2.8922873,-2.3390183,-1.5145313,-1.0062575,0.5472598,0.59123987,-0.06574671,-0.2393008,-1.2035882,-3.0869827,-2.8126454,-1.9364258,-0.90963006,0.19685555,1.2258306,1.827334,2.3601894,2.235162,2.6743894,3.0370684,4.5101743,4.8080034,5.162467,4.325227,3.0355496,2.5616243,1.6430017,0.03814328,0.09364593,0.8320868,1.2567546,2.8995507,4.171879,5.3687644,6.825176,7.885899,7.277116,6.058111,5.199203,4.6030655,2.8922873,2.3390183,1.5145313,1.0062575,0.5472598,0.59123987,0.06574671,0.2393008,1.2035882,3.0869827,2.8126454,1.9364258,0.90963006,0.19685555,1.2258306,1.827334,2.3601894,2.235162,2.6743894,0.06685974,0.4228581,4.9874115,-7.941284,0
2.9891973,1.9826657,1.3368871,-0.31500453,-1.713218,-1.9191502,-4.12083,-5.8371944,-6.919575,-5.551672,-1.9435446,0.08748457,0.66376704,-0.19783874,-1.8746005,-3.1037803,-3.5446854,-3.9101315,-4.368,-5.321467,-5.241989,-5.611465,-6.3682733,-5.3999834,-5.189829,-4.722167,-4.4245067,-3.152169,-1.2814301,0.19138372,2.2819135,3.185468,3.1741765,4.017912,4.321629,5.2732024,5.184365,4.517668,4.508858,4.353262,2.9891973,1.9826657,1.3368871,0.31500453,1.713218,1.9191502,4.12083,5.8371944,6.919575,5.551672,1.9435446,0.08748457,0.66376704,0.19783874,1.8746005,3.1037803,3.5446854,3.9101315,4.368,5.321467,5.241989,5.611465,6.3682733,5.3999834,5.189829,4.722167,4.4245067,3.152169,1.2814301,0.19138372,2.2819135,3.185468,3.1741765,4.017912,4.321629,5.2732024,5.184365,4.517668,4.508858,4.353262,0.10883155,0.68831116,5.609932,-7.701893,0
3.6608036,3.3961835,1.3224247,-1.1423968,-4.135017,-4.3955855,-2.7619288,-2.5322185,-1.8301347,-1.4502947,-0.6285472,0.6979481,2.5174694,4.24971,3.4169014,2.6455998,2.2190995,0.2368313,0.37446558,-0.077033855,-0.6182683,-2.1605208,-3.5991905,-5.017439,-6.916216,-7.1328664,-6.945899,-6.922909,-7.1971674,-7.21996,-5.2063365,-3.807635,-2.2205107,-1.587747,-0.6850821,1.0267943,2.318013,4.5639243,4.9539227,4.0659747,3.6608036,3.3961835,1.3224247,1.1423968,4.135017,4.3955855,2.7619288,2.5322185,1.8301347,1.4502947,0.6285472,0.6979481,2.5174694,4.24971,3.4169014,2.6455998,2.2190995,0.2368313,0.37446558,0.077033855,0.6182683,2.1605208,3.5991905,5.017439,6.916216,7.1328664,6.945899,6.922909,7.1971674,7.21996,5.2063365,3.807635,2.2205107,1.587747,0.6850821,1.0267943,2.318013,4.5639243,4.9539227,4.0659747,0.10164937,0.64288706,5.705509,-7.9416847,0
3.745228,4.8790894,4.3060365,3.8825026,2.6252444,1.1104205,0.86499226,0.048178736,-0.15192182,-1.6146871,-3.167867,-4.7038503,-6.5868697,-7.6584144,-7.5657387,-7.34037,-5.1964884,-3.4330328,-1.8044252,0.42605838,1.1264601,0.16842093,0.6231811,0.58221364,-0.03682957,-1.3721409,-3.0755832,-4.397617,-5.94223,-6.2157044,-6.197625,-6.1005206,-6.773719,-6.520689,-5.91818,-4.4267836,-1.6716671,0.9822118,2.6261513,2.9840074,3.745228,4.8790894,4.3060365,3.8825026,2.6252444,1.1104205,0.86499226,0.048178736,0.15192182,1.6146871,3.167867,4.7038503,6.5868697,7.6584144,7.5657387,7.34037,5.1964884,3.4330328,1.8044252,0.42605838,1.1264601,0.16842093,0.6231811,0.58221364,0.03682957,1.3721409,3.0755832,4.397617,5.94223,6.2157044,6.197625,6.1005206,6.773719,6.520689,5.91818,4.4267836,1.6716671,0.9822118,2.6261513,2.9840074,0.07460018,0.471813,5.3224945,-8.133011,0
3.8815372,5.2238665,4.8588567,4.544711,3.2461646,1.9896227,1.8130636,1.120824,0.8863428,-0.3729314,-2.7907119,-4.8673873,-6.0666246,-4.7642274,-0.9809509,1.1672935,1.8844498,0.9713992,-0.7494499,-1.9549506,-2.3326657,-2.7360604,-3.1047451,-4.5310435,-4.9889154,-5.8088856,-6.536996,-7.2631035,-6.499631,-4.833376,-3.5393732,-2.2382338,-0.45020813,-0.16572174,0.5212754,0.47566235,2.4476526,3.426332,3.6255696,4.51753,3.8815372,5.2238665,4.8588567,4.544711,3.2461646,1.9896227,1.8130636,1.120824,0.8863428,0.3729314,2.7907119,4.8673873,6.0666246,4.7642274,0.9809509,1.1672935,1.8844498,0.9713992,0.7494499,1.9549506,2.3326657,2.7360604,3.1047451,4.5310435,4.9889154,5.8088856,6.536996,7.2631035,6.499631,4.833376,3.5393732,2.2382338,0.45020813,0.16572174,0.5212754,0.47566235,2.4476526,3.426332,3.6255696,4.51753,0.11293825,0.7142842,5.705433,-7.5585365,0
1.7930872,1.8251077,1.8044376,1.8803787,2.2071152,3.2283244,3.3928576,3.4720056,4.133703,4.1776967,2.9035575,2.3401153,1.1372066,0.7469,0.16906187,-1.8202262,-3.2566583,-5.3927317,-6.304883,-6.538599,-6.7226505,-7.167462,-7.709495,-6.2682495,-5.6072397,-5.1272893,-3.3458478,-2.747263,-2.027124,-1.8015687,0.044734616,1.4874216,2.3927648,4.3902135,5.2244735,4.7216687,4.8561873,4.2254305,4.228564,4.037581,1.7930872,1.8251077,1.8044376,1.8803787,2.2071152,3.2283244,3.3928576,3.4720056,4.133703,4.1776967,2.9035575,2.3401153,1.1372066,0.7469,0.16906187,1.8202262,3.2566583,5.3927317,6.304883,6.538599,6.7226505,7.167462,7.709495,6.2682495,5.6072397,5.1272893,3.3458478,2.747263,2.027124,1.8015687,0.044734616,1.4874216,2.3927648,4.3902135,5.2244735,4.7216687,4.8561873,4.2254305,4.228564,4.037581,0.10093953,0.6383976,5.561981,-8.085232,0
3.1793535,4.00271,4.993385,4.364931,1.8393371,1.1477437,-0.6534434,-1.585216,-2.3113787,-4.0787463,-5.4285445,-7.3271947,-7.4807687,-7.3788605,-7.1905594,-7.36883,-7.3137097,-5.2172737,-3.6379857,-2.212517,-0.62062854,0.47856778,1.315249,0.732119,0.37604645,-1.3074198,-2.7533612,-3.2407062,-2.9829843,-3.0857954,-2.3021176,-0.7443494,0.57131135,2.1849995,2.9559567,2.9135811,3.7391272,3.8311002,4.5248237,4.510091,3.1793535,4.00271,4.993385,4.364931,1.8393371,1.1477437,0.6534434,1.585216,2.3113787,4.0787463,5.4285445,7.3271947,7.4807687,7.3788605,7.1905594,7.36883,7.3137097,5.2172737,3.6379857,2.212517,0.62062854,0.47856778,1.315249,0.732119,0.37604645,1.3074198,2.7533612,3.2407062,2.9829843,3.0857954,2.3021176,0.7443494,0.57131135,2.1849995,2.9559567,2.9135811,3.7391272,3.8311002,4.5248237,4.510091,0.11275227,0.713108,5.561981,-8.03709,0
2.9542665,2.2674234,1.0348462,-0.15484448,-0.42103636,1.4133148,2.852886,3.4296372,4.069675,3.78895,3.2921343,3.411471,3.0929213,1.9195818,1.9620278,1.4127753,1.3333375,-0.012219791,-1.8657576,-3.366131,-5.368021,-6.5535245,-6.409739,-6.3566008,-6.4165416,-6.9235363,-5.480521,-5.222942,-4.7871113,-4.5969644,-3.0351076,-1.1166273,0.4501395,2.7769454,3.8182192,3.5864904,4.5743217,4.4633613,5.2198143,5.063993,2.9542665,2.2674234,1.0348462,0.15484448,0.42103636,1.4133148,2.852886,3.4296372,4.069675,3.78895,3.2921343,3.411471,3.0929213,1.9195818,1.9620278,1.4127753,1.3333375,0.012219791,1.8657576,3.366131,5.368021,6.5535245,6.409739,6.3566008,6.4165416,6.9235363,5.480521,5.222942,4.7871113,4.5969644,3.0351076,1.1166273,0.4501395,2.7769454,3.8182192,3.5864904,4.5743217,4.4633613,5.2198143,5.063993,0.12659982,0.8006876,5.801468,-7.749634,0
3.7144206,5.0552783,4.2440505,2.4411988,0.6175363,0.58847636,1.2054987,2.2612057,3.3601117,3.8841696,3.574431,3.0943623,3.1556604,2.9835541,1.8708243,1.9379406,1.2563117,1.1283313,-0.22748098,-1.9897084,-3.453797,-5.481134,-6.2932568,-6.414905,-6.666488,-7.111297,-7.782598,-6.3759723,-5.6521435,-4.6433573,-4.112425,-2.852271,-0.7631051,0.7033276,3.01842,4.039703,3.9369867,4.611164,4.162666,4.566511,3.7144206,5.0552783,4.2440505,2.4411988,0.6175363,0.58847636,1.2054987,2.2612057,3.3601117,3.8841696,3.574431,3.0943623,3.1556604,2.9835541,1.8708243,1.9379406,1.2563117,1.1283313,0.22748098,1.9897084,3.453797,5.481134,6.2932568,6.414905,6.666488,7.111297,7.782598,6.3759723,5.6521435,4.6433573,4.112425,2.852271,0.7631051,0.7033276,3.01842,4.039703,3.9369867,4.611164,4.162666,4.566511,0.11416278,0.7220288,5.801506,-8.084927,0
3.9310098,4.9787188,4.114015,2.698527,0.9713661,0.6138535,0.89649594,1.4378642,2.2953284,2.4700022,2.857434,2.7499495,2.7567642,2.357291,2.563591,1.9123137,0.019697309,-1.1988405,-2.956176,-3.8814888,-4.339894,-5.1943374,-6.0379634,-7.210766,-6.681907,-6.613833,-6.485935,-6.570796,-5.925886,-3.7535596,-2.051837,0.33368185,1.3885705,1.9691814,3.2450917,3.7364268,5.25301,5.509282,4.9185796,5.129101,3.9310098,4.9787188,4.114015,2.698527,0.9713661,0.6138535,0.89649594,1.4378642,2.2953284,2.4700022,2.857434,2.7499495,2.7567642,2.357291,2.563591,1.9123137,0.019697309,1.1988405,2.956176,3.8814888,4.339894,5.1943374,6.0379634,7.210766,6.681907,6.613833,6.485935,6.570796,5.925886,3.7535596,2.051837,0.33368185,1.3885705,1.9691814,3.2450917,3.7364268,5.25301,5.509282,4.9185796,5.129101,0.12822752,0.81098205,5.6098747,-7.9893303,0
3.7719743,4.6098385,3.2998745,0.9760926,-0.65969425,-1.4570323,-1.349101,-0.3660623,0.22507767,1.4328123,2.5719037,3.80308,4.4571795,4.1165104,3.9554467,4.032359,4.0725584,3.2673433,3.3482945,2.6256866,2.6509538,1.5999722,-0.4961135,-1.8829575,-3.7745576,-4.8897367,-5.163184,-5.792486,-6.3867464,-7.643157,-6.9004397,-6.743628,-6.4506497,-6.1560025,-4.8990746,-2.8180714,-0.5566894,1.7585025,2.1126456,1.2066128,3.7719743,4.6098385,3.2998745,0.9760926,0.65969425,1.4570323,1.349101,0.3660623,0.22507767,1.4328123,2.5719037,3.80308,4.4571795,4.1165104,3.9554467,4.032359,4.0725584,3.2673433,3.3482945,2.6256866,2.6509538,1.5999722,0.4961135,1.8829575,3.7745576,4.8897367,5.163184,5.792486,6.3867464,7.643157,6.9004397,6.743628,6.4506497,6.1560025,4.8990746,2.8180714,0.5566894,1.7585025,2.1126456,1.2066128,0.03016532,0.19078223,5.514145,-8.228645,0
3.210746,2.922818,2.9882774,1.952971,-0.34904623,-0.4357612,-1.2022215,-1.388029,-2.9754674,-4.074128,-5.334421,-7.0191097,-8.1723795,-7.510366,-6.056517,-4.990226,-4.284371,-2.3917596,-2.015525,-1.1996373,-0.42258167,0.9443091,0.70008504,-0.45920095,-1.2529249,-2.4534042,-4.296953,-3.5177455,-2.10039,-0.80537444,0.6959086,1.4344859,1.87147,2.7293828,3.2871501,4.641312,5.0221624,4.6593947,4.828165,4.610617,3.210746,2.922818,2.9882774,1.952971,0.34904623,0.4357612,1.2022215,1.388029,2.9754674,4.074128,5.334421,7.0191097,8.1723795,7.510366,6.056517,4.990226,4.284371,2.3917596,2.015525,1.1996373,0.42258167,0.9443091,0.70008504,0.45920095,1.2529249,2.4534042,4.296953,3.5177455,2.10039,0.80537444,0.6959086,1.4344859,1.87147,2.7293828,3.2871501,4.641312,5.0221624,4.6593947,4.828165,4.610617,0.11526543,0.7290026,5.131054,-7.989216,0
3.547612,5.736351,6.3778753,5.19732,3.3766873,1.9528515,0.7273743,0.30533612,1.18747,2.649474,3.3481092,4.1857142,4.31475,4.434749,4.296131,4.735382,4.3284345,2.489612,1.6908822,0.075317375,-0.36151716,-1.0730457,-2.9305923,-4.395356,-6.639132,-7.2380695,-7.4073825,-7.465309,-7.9372416,-8.259615,-6.2837214,-5.1585,-3.8398492,-2.975505,-1.8786623,0.33572808,2.1019514,4.78426,5.124453,4.0934114,3.547612,5.736351,6.3778753,5.19732,3.3766873,1.9528515,0.7273743,0.30533612,1.18747,2.649474,3.3481092,4.1857142,4.31475,4.434749,4.296131,4.735382,4.3284345,2.489612,1.6908822,0.075317375,0.36151716,1.0730457,2.9305923,4.395356,6.639132,7.2380695,7.4073825,7.465309,7.9372416,8.259615,6.2837214,5.1585,3.8398492,2.975505,1.8786623,0.33572808,2.1019514,4.78426,5.124453,4.0934114,0.10233529,0.6472252,6.232586,-8.372059,0
2.9015868,3.4012103,4.0505314,3.1584294,0.42578483,-0.6735594,-2.7185318,-4.452868,-4.7395854,-5.3669744,-5.9117756,-7.1431656,-6.596654,-6.757498,-7.5448823,-6.921824,-4.876158,-3.3825731,-2.321286,-1.8053694,-2.969352,-4.6732435,-5.3387275,-5.466208,-6.21744,-6.4112444,-4.867778,-4.009331,-2.6442327,-2.0028872,-0.97098196,0.87241244,2.002553,4.014508,4.6924753,4.500516,5.171912,4.9671993,5.4015236,5.1657853,2.9015868,3.4012103,4.0505314,3.1584294,0.42578483,0.6735594,2.7185318,4.452868,4.7395854,5.3669744,5.9117756,7.1431656,6.596654,6.757498,7.5448823,6.921824,4.876158,3.3825731,2.321286,1.8053694,2.969352,4.6732435,5.3387275,5.466208,6.21744,6.4112444,4.867778,4.009331,2.6442327,2.0028872,0.97098196,0.87241244,2.002553,4.014508,4.6924753,4.500516,5.171912,4.9671993,5.4015236,5.1657853,0.12914464,0.81678236,5.849228,-8.51614,0
3.1414785,3.8536391,4.844079,4.073871,1.4271752,0.51870024,-1.2252296,-2.9972944,-3.2174876,-3.8763492,-4.4167867,-6.0312552,-6.1805973,-6.8960867,-7.680229,-8.310114,-7.048032,-5.2969565,-2.8508215,-0.6127422,0.01856615,-1.4108577,-2.6461685,-4.03373,-4.359338,-4.6852894,-3.7699018,-3.8851085,-3.4821687,-3.3298168,-2.0647244,-0.48117444,0.6926085,2.6393712,3.6187212,3.6269746,4.6433954,4.5480723,5.1007085,4.9343963,3.1414785,3.8536391,4.844079,4.073871,1.4271752,0.51870024,1.2252296,2.9972944,3.2174876,3.8763492,4.4167867,6.0312552,6.1805973,6.8960867,7.680229,8.310114,7.048032,5.2969565,2.8508215,0.6127422,0.01856615,1.4108577,2.6461685,4.03373,4.359338,4.6852894,3.7699018,3.8851085,3.4821687,3.3298168,2.0647244,0.48117444,0.6926085,2.6393712,3.6187212,3.6269746,4.6433954,4.5480723,5.1007085,4.9343963,0.1233599,0.78019655,5.7055855,-8.659725,0
4.105659,4.494714,3.7433174,0.6948959,-1.9545292,-2.8920565,-2.3452353,-0.27736178,0.948454,2.456562,3.2603455,3.2634678,3.7999134,4.1827703,4.86645,4.4479876,4.3121653,3.9872577,4.376728,3.8537014,1.8841788,0.8289558,-1.1010382,-2.1016736,-2.904626,-4.6065903,-5.8295918,-7.621312,-7.444156,-7.288104,-7.2506003,-7.5730834,-7.4425144,-5.236252,-3.505611,-1.7793211,-0.343269,0.5209582,1.3981572,1.1473378,4.105659,4.494714,3.7433174,0.6948959,1.9545292,2.8920565,2.3452353,0.27736178,0.948454,2.456562,3.2603455,3.2634678,3.7999134,4.1827703,4.86645,4.4479876,4.3121653,3.9872577,4.376728,3.8537014,1.8841788,0.8289558,1.1010382,2.1016736,2.904626,4.6065903,5.8295918,7.621312,7.444156,7.288104,7.2506003,7.5730834,7.4425144,5.236252,3.505611,1.7793211,0.343269,0.5209582,1.3981572,1.1473378,0.028683444,0.18141003,5.897312,-8.563747,0
3.5924811,4.8221903,4.460367,4.272024,2.9015682,3.3653677,2.5567153,0.36731276,-1.0296874,-3.0167172,-4.654271,-4.8577127,-5.2782674,-5.6848774,-6.952987,-6.5136366,-6.7089753,-6.8405857,-6.903332,-5.672293,-3.5113506,-1.869235,0.35889542,1.5696033,2.6495981,3.5952148,2.8639648,1.5898083,-0.70801353,-2.267023,-2.7006707,-2.1628952,-1.3984249,-0.58851147,0.88509387,1.9252907,3.7040577,4.2658277,3.870237,4.121833,3.5924811,4.8221903,4.460367,4.272024,2.9015682,3.3653677,2.5567153,0.36731276,1.0296874,3.0167172,4.654271,4.8577127,5.2782674,5.6848774,6.952987,6.5136366,6.7089753,6.8405857,6.903332,5.672293,3.5113506,1.869235,0.35889542,1.5696033,2.6495981,3.5952148,2.8639648,1.5898083,0.70801353,2.267023,2.7006707,2.1628952,1.3984249,0.58851147,0.88509387,1.9252907,3.7040577,4.2658277,3.870237,4.121833,0.10304582,0.651719,5.6100655,-8.180485,0
2.9947567,3.4498043,4.2496133,3.4237819,0.76431,-0.26561183,-2.2806795,-4.100409,-4.431784,-4.798996,-5.6380377,-7.487027,-6.9669642,-4.1980743,-2.016647,0.54997927,3.239828,2.7557273,2.3903937,2.1626997,0.44688272,-0.59831476,-1.9783756,-3.344932,-3.7588038,-4.450061,-4.815047,-6.106493,-5.9042287,-6.332305,-6.7344837,-7.1661463,-6.109688,-4.021636,-2.4106548,-0.7067136,0.58625257,1.2821647,2.194087,1.9779834,2.9947567,3.4498043,4.2496133,3.4237819,0.76431,0.26561183,2.2806795,4.100409,4.431784,4.798996,5.6380377,7.487027,6.9669642,4.1980743,2.016647,0.54997927,3.239828,2.7557273,2.3903937,2.1626997,0.44688272,0.59831476,1.9783756,3.344932,3.7588038,4.450061,4.815047,6.106493,5.9042287,6.332305,6.7344837,7.1661463,6.109688,4.021636,2.4106548,0.7067136,0.58625257,1.2821647,2.194087,1.9779834,0.049449585,0.31274664,5.8016205,-8.324394,0
2.8912215,3.3212075,3.9574757,3.0229552,0.29968652,-0.81874776,-2.927226,-4.1249924,-4.5521283,-5.69443,-6.5943027,-8.080531,-7.5236454,-7.255987,-6.953619,-6.902966,-5.8059816,-3.8383634,-1.691706,0.2768125,0.35313645,-1.6236899,-2.8659253,-3.8142602,-3.9580283,-4.150024,-3.1494591,-3.0049248,-2.5351315,-2.2284129,-0.73817706,0.8470573,1.920732,3.746619,4.544918,4.2177687,4.670504,4.3907876,4.781578,4.642837,2.8912215,3.3212075,3.9574757,3.0229552,0.29968652,0.81874776,2.927226,4.1249924,4.5521283,5.69443,6.5943027,8.080531,7.5236454,7.255987,6.953619,6.902966,5.8059816,3.8383634,1.691706,0.2768125,0.35313645,1.6236899,2.8659253,3.8142602,3.9580283,4.150024,3.1494591,3.0049248,2.5351315,2.2284129,0.73817706,0.8470573,1.920732,3.746619,4.544918,4.2177687,4.670504,4.3907876,4.781578,4.642837,0.116070926,0.73409694,5.657692,-8.468189,0
3.4834714,5.220114,5.8617344,4.9117756,4.5547037,4.536832,3.6442206,2.4651945,1.8404771,1.7024217,1.7798979,2.6438394,3.541268,3.6043391,3.5729764,4.146941,3.9000516,2.2737606,1.5113094,0.5938214,-0.8423663,-0.89031756,-1.5902512,-1.9438258,-3.6172156,-4.671002,-5.648234,-6.9454894,-8.129902,-7.56868,-6.2888513,-5.402277,-4.6544585,-2.7702353,-2.1165292,-1.5951687,-0.84736687,1.2146732,1.7688462,1.5229414,3.4834714,5.220114,5.8617344,4.9117756,4.5547037,4.536832,3.6442206,2.4651945,1.8404771,1.7024217,1.7798979,2.6438394,3.541268,3.6043391,3.5729764,4.146941,3.9000516,2.2737606,1.5113094,0.5938214,0.8423663,0.89031756,1.5902512,1.9438258,3.6172156,4.671002,5.648234,6.9454894,8.129902,7.56868,6.2888513,5.402277,4.6544585,2.7702353,2.1165292,1.5951687,0.84736687,1.2146732,1.7688462,1.5229414,0.038073532,0.24079816,6.088829,-8.084869,0
3.163386,2.5380602,1.6929324,-0.601567,-2.4096637,-2.98851,-4.5279465,-5.5274835,-6.8751802,-7.9578586,-8.281765,-7.7708015,-5.2068377,-2.1530962,0.4543996,2.9739811,3.201252,1.0928725,0.6776368,-0.35685363,-0.9428503,-1.7102288,-3.2721272,-4.5159082,-6.282082,-6.597075,-6.7430744,-6.7219825,-6.942339,-7.8488297,-6.6516113,-3.5792747,0.01355458,3.1815581,5.5599666,6.3585362,5.1034694,4.7616897,4.791494,4.551735,3.163386,2.5380602,1.6929324,0.601567,2.4096637,2.98851,4.5279465,5.5274835,6.8751802,7.9578586,8.281765,7.7708015,5.2068377,2.1530962,0.4543996,2.9739811,3.201252,1.0928725,0.6776368,0.35685363,0.9428503,1.7102288,3.2721272,4.5159082,6.282082,6.597075,6.7430744,6.7219825,6.942339,7.8488297,6.6516113,3.5792747,0.01355458,3.1815581,5.5599666,6.3585362,5.1034694,4.7616897,4.791494,4.551735,0.11379337,0.71969247,6.1367607,-8.420105,0
3.0539498,3.58718,4.2478857,3.3014233,0.49700722,-0.55791587,-2.5861459,-3.8072424,-4.3353977,-5.6247015,-6.36195,-8.5206785,-8.584965,-6.969154,-4.6851983,-2.0174968,-0.13347875,-0.10369267,-1.9059235,-3.883717,-4.800124,-6.040232,-6.099953,-5.5012293,-5.5224576,-5.466671,-4.044861,-3.7065537,-3.1813989,-3.0251546,-1.3157039,0.47389123,1.7670015,3.8952668,4.7137766,4.2448277,4.680708,4.334238,4.8094096,4.660841,3.0539498,3.58718,4.2478857,3.3014233,0.49700722,0.55791587,2.5861459,3.8072424,4.3353977,5.6247015,6.36195,8.5206785,8.584965,6.969154,4.6851983,2.0174968,0.13347875,0.10369267,1.9059235,3.883717,4.800124,6.040232,6.099953,5.5012293,5.5224576,5.466671,4.044861,3.7065537,3.1813989,3.0251546,1.3157039,0.47389123,1.7670015,3.8952668,4.7137766,4.2448277,4.680708,4.334238,4.8094096,4.660841,0.11652102,0.73694366,5.849228,-8.468227,0
3.3501828,4.738787,5.8448696,5.5529227,4.3254304,2.7901495,0.9515001,-0.5762864,-0.17725036,1.3484997,2.9358745,3.6589556,3.7468026,3.824498,3.9141414,4.488782,4.5282044,3.1379871,2.6357234,1.3169525,0.98693085,0.18532155,-2.0372262,-3.483121,-5.3832088,-6.204155,-6.2436547,-6.5685735,-7.1497784,-7.9887195,-6.4211173,-5.7598896,-5.0876203,-4.7120595,-3.3313572,-1.2763258,0.76182574,3.2568579,3.626752,2.5749466,3.3501828,4.738787,5.8448696,5.5529227,4.3254304,2.7901495,0.9515001,0.5762864,0.17725036,1.3484997,2.9358745,3.6589556,3.7468026,3.824498,3.9141414,4.488782,4.5282044,3.1379871,2.6357234,1.3169525,0.98693085,0.18532155,2.0372262,3.483121,5.3832088,6.204155,6.2436547,6.5685735,7.1497784,7.9887195,6.4211173,5.7598896,5.0876203,4.7120595,3.3313572,1.2763258,0.76182574,3.2568579,3.626752,2.5749466,0.064373665,0.40713483,5.993042,-8.037071,0
3.5511441,4.4962654,5.579685,4.8294544,2.3697133,0.89534014,-0.95439345,-1.4023006,-0.19322033,0.8751917,2.0892599,2.3367014,2.5449846,1.8917996,1.7931321,1.2718782,1.2637489,0.27380607,-1.4492619,-2.8619084,-4.6094184,-5.7673516,-5.803615,-6.087792,-6.626699,-7.568113,-6.593895,-6.3158693,-5.86607,-5.609827,-4.1283236,-2.0505443,-0.40016592,2.0867116,3.4111683,3.2990987,4.219849,4.182784,5.0161424,4.9044113,3.5511441,4.4962654,5.579685,4.8294544,2.3697133,0.89534014,0.95439345,1.4023006,0.19322033,0.8751917,2.0892599,2.3367014,2.5449846,1.8917996,1.7931321,1.2718782,1.2637489,0.27380607,1.4492619,2.8619084,4.6094184,5.7673516,5.803615,6.087792,6.626699,7.568113,6.593895,6.3158693,5.86607,5.609827,4.1283236,2.0505443,0.40016592,2.0867116,3.4111683,3.2990987,4.219849,4.182784,5.0161424,4.9044113,0.122610286,0.77545553,6.040821,-8.372383,0
3.9303613,5.5104976,5.7474694,3.2942882,0.6256462,-1.1693794,-1.9149116,-0.8123202,1.1843565,2.178783,3.0082378,3.172322,3.567244,3.8012066,4.522289,4.220812,4.3145905,4.005419,4.3897567,3.7020938,1.6281087,0.6832819,-1.2309687,-2.1476617,-2.8509414,-4.4121494,-5.746772,-7.658153,-7.630454,-7.565712,-7.530552,-7.608588,-7.2815566,-5.0114403,-3.3589313,-1.5167985,-0.11478652,0.8049145,1.7297782,1.4810822,3.9303613,5.5104976,5.7474694,3.2942882,0.6256462,1.1693794,1.9149116,0.8123202,1.1843565,2.178783,3.0082378,3.172322,3.567244,3.8012066,4.522289,4.220812,4.3145905,4.005419,4.3897567,3.7020938,1.6281087,0.6832819,1.2309687,2.1476617,2.8509414,4.4121494,5.746772,7.658153,7.630454,7.565712,7.530552,7.608588,7.2815566,5.0114403,3.3589313,1.5167985,0.11478652,0.8049145,1.7297782,1.4810822,0.037027054,0.23417966,6.0408783,-8.420219,0
1.8303133,1.0709444,0.23083125,0.018471671,0.3979755,2.2279584,2.9754808,3.3028586,3.6153922,3.8641958,4.4160542,3.880176,4.060803,3.6801977,3.9607303,3.1575413,1.1075476,-0.117447905,-1.8292305,-3.5057368,-3.769903,-4.3799887,-4.7931795,-6.2681193,-6.343567,-6.932261,-7.4255357,-7.895824,-6.6447053,-4.3823037,-2.722877,-0.8119735,0.96934026,1.2506917,2.0648134,1.9778949,3.752859,4.355029,4.2484174,5.0528693,1.8303133,1.0709444,0.23083125,0.018471671,0.3979755,2.2279584,2.9754808,3.3028586,3.6153922,3.8641958,4.4160542,3.880176,4.060803,3.6801977,3.9607303,3.1575413,1.1075476,0.117447905,1.8292305,3.5057368,3.769903,4.3799887,4.7931795,6.2681193,6.343567,6.932261,7.4255357,7.895824,6.6447053,4.3823037,2.722877,0.8119735,0.96934026,1.2506917,2.0648134,1.9778949,3.752859,4.355029,4.2484174,5.0528693,0.12632173,0.7989288,6.1367416,-8.372154,0
3.4226108,4.2825885,5.3124475,4.475598,1.9859341,0.31901267,-1.628059,-2.0450377,-0.58703357,0.5728145,1.8724014,2.146414,2.3247845,1.524142,1.5262645,1.0580301,1.0990171,-0.008572888,-1.7911383,-3.3251219,-5.197992,-6.287063,-6.1053286,-6.0442576,-6.343402,-7.106238,-5.8978543,-5.601428,-5.077628,-4.744036,-3.1386304,-1.061743,0.48617253,2.8175685,3.7428806,3.4986084,4.491907,4.5364275,5.423588,5.3013635,3.4226108,4.2825885,5.3124475,4.475598,1.9859341,0.31901267,1.628059,2.0450377,0.58703357,0.5728145,1.8724014,2.146414,2.3247845,1.524142,1.5262645,1.0580301,1.0990171,0.008572888,1.7911383,3.3251219,5.197992,6.287063,6.1053286,6.0442576,6.343402,7.106238,5.8978543,5.601428,5.077628,4.744036,3.1386304,1.061743,0.48617253,2.8175685,3.7428806,3.4986084,4.491907,4.5364275,5.423588,5.3013635,0.13253409,0.83821917,6.0408974,-8.085003,0
4.039861,5.259542,4.6484284,4.2380757,2.9278162,1.5920378,1.4378154,0.97372556,0.038414046,-1.7901008,-2.328321,-1.9383429,-1.2452266,0.40357745,2.9127846,2.6202264,0.9863482,0.21170263,-0.8942199,-2.4877036,-3.0162137,-3.6834743,-4.157964,-5.362904,-5.6325774,-6.228527,-6.9127765,-7.6016097,-6.693709,-4.8074574,-3.3563066,-1.8308188,-0.15876624,0.17718562,0.9656495,0.97181475,2.9058578,3.6879797,3.6773736,4.4871883,4.039861,5.259542,4.6484284,4.2380757,2.9278162,1.5920378,1.4378154,0.97372556,0.038414046,1.7901008,2.328321,1.9383429,1.2452266,0.40357745,2.9127846,2.6202264,0.9863482,0.21170263,0.8942199,2.4877036,3.0162137,3.6834743,4.157964,5.362904,5.6325774,6.228527,6.9127765,7.6016097,6.693709,4.8074574,3.3563066,1.8308188,0.15876624,0.17718562,0.9656495,0.97181475,2.9058578,3.6879797,3.6773736,4.4871883,0.11217971,0.7094868,5.9449196,-7.6543045,0
3.3414555,4.216569,5.2242985,4.475295,1.8320584,1.0985974,-0.82281053,-1.7157356,-2.5577564,-4.2942057,-5.6447883,-7.5612917,-7.6625123,-7.712399,-7.748574,-8.0283165,-7.688106,-5.788786,-3.5511594,-1.4268429,-0.71755165,-1.7852572,-2.920908,-4.3383794,-4.8360844,-5.316846,-4.430021,-4.6059427,-4.3248997,-4.1817117,-2.9122639,-0.9429568,0.48543864,2.552873,3.3106627,3.1072145,4.150977,4.2729797,5.1336894,5.052093,3.3414555,4.216569,5.2242985,4.475295,1.8320584,1.0985974,0.82281053,1.7157356,2.5577564,4.2942057,5.6447883,7.5612917,7.6625123,7.712399,7.748574,8.0283165,7.688106,5.788786,3.5511594,1.4268429,0.71755165,1.7852572,2.920908,4.3383794,4.8360844,5.316846,4.430021,4.6059427,4.3248997,4.1817117,2.9122639,0.9429568,0.48543864,2.552873,3.3106627,3.1072145,4.150977,4.2729797,5.1336894,5.052093,0.12630233,0.798806,5.8491707,-8.516102,0
3.3621325,4.950842,5.210814,5.496401,4.5213156,3.130497,2.4907038,1.334227,-0.5955554,-0.87479204,-1.7184963,-2.09752,-3.8389893,-4.8850656,-6.2314124,-7.7861576,-8.8605,-7.805227,-7.165966,-5.218413,-3.147878,-1.5145742,-1.1005051,-1.4999115,-2.8361385,-3.7100158,-4.7633843,-4.394488,-5.059424,-5.04359,-5.2920814,-4.61211,-2.6305256,-1.1464316,0.8636272,2.0027704,2.4098322,3.1215143,2.6389713,3.1160421,3.3621325,4.950842,5.210814,5.496401,4.5213156,3.130497,2.4907038,1.334227,0.5955554,0.87479204,1.7184963,2.09752,3.8389893,4.8850656,6.2314124,7.7861576,8.8605,7.805227,7.165966,5.218413,3.147878,1.5145742,1.1005051,1.4999115,2.8361385,3.7100158,4.7633843,4.394488,5.059424,5.04359,5.2920814,4.61211,2.6305256,1.1464316,0.8636272,2.0027704,2.4098322,3.1215143,2.6389713,3.1160421,0.07790105,0.49268952,5.753441,-8.420277,0
4.1986566,5.399887,5.004018,3.5610511,1.5105919,0.99287695,1.2295154,2.0455732,3.0700314,3.303763,3.6552546,4.4110413,4.1116815,2.8519404,2.3709874,1.4018133,-0.2953549,-0.39309824,-1.1336681,-1.4126788,-3.0670824,-4.403486,-5.7734933,-7.626275,-7.7159023,-7.5188904,-7.348005,-7.5014925,-7.345692,-5.0470076,-3.4888287,-1.5523671,-0.66659623,0.24284536,2.0126722,2.8925905,5.109799,5.653257,5.025492,5.3339033,4.1986566,5.399887,5.004018,3.5610511,1.5105919,0.99287695,1.2295154,2.0455732,3.0700314,3.303763,3.6552546,4.4110413,4.1116815,2.8519404,2.3709874,1.4018133,0.2953549,0.39309824,1.1336681,1.4126788,3.0670824,4.403486,5.7734933,7.626275,7.7159023,7.5188904,7.348005,7.5014925,7.345692,5.0470076,3.4888287,1.5523671,0.66659623,0.24284536,2.0126722,2.8925905,5.109799,5.653257,5.025492,5.3339033,0.13334759,0.8433642,6.0409737,-8.467903,0
4.0470266,5.5055046,6.5706124,5.957974,5.7428923,5.892794,4.536295,2.7696972,0.99059105,0.052425366,0.314513,1.1739882,2.581079,3.1375134,3.6322186,3.4961593,3.7572594,3.3046591,3.5640945,2.8135817,0.6604455,-0.5507114,-2.4203243,-3.512498,-4.269252,-5.5238457,-6.4801865,-8.130146,-7.783554,-7.7188244,-7.5363464,-7.6588264,-7.0264173,-4.4310446,-2.722063,-0.5664235,0.93257535,1.7388686,2.7121751,2.3428192,4.0470266,5.5055046,6.5706124,5.957974,5.7428923,5.892794,4.536295,2.7696972,0.99059105,0.052425366,0.314513,1.1739882,2.581079,3.1375134,3.6322186,3.4961593,3.7572594,3.3046591,3.5640945,2.8135817,0.6604455,0.5507114,2.4203243,3.512498,4.269252,5.5238457,6.4801865,8.130146,7.783554,7.7188244,7.5363464,7.6588264,7.0264173,4.4310446,2.722063,0.5664235,0.93257535,1.7388686,2.7121751,2.3428192,0.05857048,0.37043226,6.3282204,-8.707428,0
4.1634045,5.1816034,4.0156183,3.0826657,1.4252795,-0.20136538,-0.30668393,-1.0782707,-1.5850878,-3.5541399,-5.084412,-6.519925,-8.042184,-9.170216,-8.302919,-7.0619245,-5.769697,-4.8293185,-3.8012233,-2.9410138,-2.8797736,-3.437572,-3.4689484,-4.551903,-5.2325726,-5.585208,-5.3078494,-5.627783,-5.042244,-2.9395525,-1.4232111,0.5668511,1.9333992,1.9977779,2.746738,2.8921616,4.386319,4.87823,4.629204,5.094002,4.1634045,5.1816034,4.0156183,3.0826657,1.4252795,0.20136538,0.30668393,1.0782707,1.5850878,3.5541399,5.084412,6.519925,8.042184,9.170216,8.302919,7.0619245,5.769697,4.8293185,3.8012233,2.9410138,2.8797736,3.437572,3.4689484,4.551903,5.2325726,5.585208,5.3078494,5.627783,5.042244,2.9395525,1.4232111,0.5668511,1.9333992,1.9977779,2.746738,2.8921616,4.386319,4.87823,4.629204,5.094002,0.12735005,0.8054324,5.897007,-9.090652,0
3.184965,2.3235283,1.8917186,0.07608587,-1.2507911,-1.7593035,-3.726352,-5.2267227,-7.503323,-7.989637,-8.1461115,-8.191644,-8.428175,-8.4598875,-6.2086325,-4.7058034,-3.4868298,-1.9550914,-0.42370468,0.727498,0.5478483,0.26083055,-1.6952381,-3.310622,-3.8617973,-3.6384447,-3.7631395,-3.2341785,-1.456404,0.014518747,1.967202,2.8777907,2.9673007,3.8254375,4.3350964,5.3038735,5.337815,4.7383146,4.789676,4.595686,3.184965,2.3235283,1.8917186,0.07608587,1.2507911,1.7593035,3.726352,5.2267227,7.503323,7.989637,8.1461115,8.191644,8.428175,8.4598875,6.2086325,4.7058034,3.4868298,1.9550914,0.42370468,0.727498,0.5478483,0.26083055,1.6952381,3.310622,3.8617973,3.6384447,3.7631395,3.2341785,1.456404,0.014518747,1.967202,2.8777907,2.9673007,3.8254375,4.3350964,5.3038735,5.337815,4.7383146,4.789676,4.595686,0.11489215,0.7266417,5.705681,-8.8510895,0
4.1578045,5.3358736,4.6927295,4.0872545,2.6825464,1.3263531,1.2695817,0.5362798,0.44792655,-1.2816973,-3.26426,-5.0258155,-7.126146,-8.592931,-8.216752,-7.4441004,-7.0977426,-7.022303,-5.141295,-4.701765,-4.1041064,-2.944875,-1.0909929,-0.833375,-1.4175785,-1.8984102,-3.1961029,-5.6189613,-5.0047436,-3.5677488,-2.547444,-1.2725368,0.3418067,0.6736217,1.3034734,1.4269505,3.2053854,3.930459,3.9197335,4.6440406,4.1578045,5.3358736,4.6927295,4.0872545,2.6825464,1.3263531,1.2695817,0.5362798,0.44792655,1.2816973,3.26426,5.0258155,7.126146,8.592931,8.216752,7.4441004,7.0977426,7.022303,5.141295,4.701765,4.1041064,2.944875,1.0909929,0.833375,1.4175785,1.8984102,3.1961029,5.6189613,5.0047436,3.5677488,2.547444,1.2725368,0.3418067,0.6736217,1.3034734,1.4269505,3.2053854,3.930459,3.9197335,4.6440406,0.11610101,0.7342873,6.232357,-9.138412,0
3.9966292,5.778832,5.140164,3.0031173,1.035694,-0.24216312,-0.7695692,-0.3226455,1.397314,2.1492925,3.167829,4.430597,4.739339,4.7453647,4.743366,5.114519,5.035175,3.7635036,3.3850298,2.0443861,1.6888013,0.5479705,-1.7762572,-3.9687774,-5.6494093,-5.8895793,-5.353998,-5.531346,-6.442944,-8.061555,-7.3881493,-7.146288,-6.097862,-4.2995763,-3.6531181,-3.2745492,-2.163992,0.050844293,0.7305828,0.6387161,3.9966292,5.778832,5.140164,3.0031173,1.035694,0.24216312,0.7695692,0.3226455,1.397314,2.1492925,3.167829,4.430597,4.739339,4.7453647,4.743366,5.114519,5.035175,3.7635036,3.3850298,2.0443861,1.6888013,0.5479705,1.7762572,3.9687774,5.6494093,5.8895793,5.353998,5.531346,6.442944,8.061555,7.3881493,7.146288,6.097862,4.2995763,3.6531181,3.2745492,2.163992,0.050844293,0.7305828,0.6387161,0.015967902,0.100989886,6.280422,-8.707314,0
4.4616685,5.75097,6.0069623,4.9119153,2.6883433,1.6487149,1.1376196,1.2561636,2.0498943,2.7135866,3.8184078,3.6355736,3.9204364,3.703334,4.150833,3.5363765,1.6725603,0.66946316,-0.7080059,-2.5702398,-2.7647455,-3.4369974,-3.8633468,-5.533718,-6.065895,-6.929827,-7.915654,-8.79657,-7.748013,-5.895012,-4.310245,-2.8393471,-0.83291143,-0.32242346,0.5924747,0.5819791,2.794033,3.823473,4.0440125,5.0655622,4.4616685,5.75097,6.0069623,4.9119153,2.6883433,1.6487149,1.1376196,1.2561636,2.0498943,2.7135866,3.8184078,3.6355736,3.9204364,3.703334,4.150833,3.5363765,1.6725603,0.66946316,0.7080059,2.5702398,2.7647455,3.4369974,3.8633468,5.533718,6.065895,6.929827,7.915654,8.79657,7.748013,5.895012,4.310245,2.8393471,0.83291143,0.32242346,0.5924747,0.5819791,2.794033,3.823473,4.0440125,5.0655622,0.12663905,0.80093575,6.51989,-8.563519,0
3.5484335,4.7435718,4.233254,4.0752754,3.0435002,2.6328573,1.0795957,0.2691728,0.14096698,0.13820359,1.2140148,3.293179,3.1169355,2.137029,1.887676,1.3137323,-0.1713646,-0.37571496,-1.0786667,-1.6134098,-3.3607018,-4.7051663,-5.954197,-7.5369763,-8.644256,-7.989608,-6.667916,-5.967188,-5.305531,-3.2381294,-2.6865525,-2.0154335,-1.7445896,0.32179934,1.998297,3.0469956,5.3864255,5.838915,5.0471816,5.305702,3.5484335,4.7435718,4.233254,4.0752754,3.0435002,2.6328573,1.0795957,0.2691728,0.14096698,0.13820359,1.2140148,3.293179,3.1169355,2.137029,1.887676,1.3137323,0.1713646,0.37571496,1.0786667,1.6134098,3.3607018,4.7051663,5.954197,7.5369763,8.644256,7.989608,6.667916,5.967188,5.305531,3.2381294,2.6865525,2.0154335,1.7445896,0.32179934,1.998297,3.0469956,5.3864255,5.838915,5.0471816,5.305702,0.13264255,0.8389052,6.615391,-8.420181,0
3.3352885,2.747162,1.4820396,0.13503179,-0.28365034,1.582848,3.1425328,3.8851373,4.020528,4.0389457,4.168209,4.8026757,4.7296896,3.5240903,2.994477,1.6408851,1.4492775,0.68259895,-1.6580396,-3.0807073,-5.177913,-6.281578,-6.5031133,-6.8068104,-7.4137893,-8.432326,-6.9372754,-6.292011,-5.642288,-5.2296615,-3.7459326,-1.5575409,0.14462584,2.7417817,4.0214825,3.6966317,4.6059794,4.434622,5.2338233,5.0561247,3.3352885,2.747162,1.4820396,0.13503179,0.28365034,1.582848,3.1425328,3.8851373,4.020528,4.0389457,4.168209,4.8026757,4.7296896,3.5240903,2.994477,1.6408851,1.4492775,0.68259895,1.6580396,3.0807073,5.177913,6.281578,6.5031133,6.8068104,7.4137893,8.432326,6.9372754,6.292011,5.642288,5.2296615,3.7459326,1.5575409,0.14462584,2.7417817,4.0214825,3.6966317,4.6059794,4.434622,5.2338233,5.0561247,0.12640312,0.7994435,6.423931,-8.659611,0
3.492655,5.2176013,5.8939433,5.184533,4.9840627,5.2889075,4.6958976,3.385373,2.5640614,2.1606376,1.9952943,2.7634451,3.5949087,3.884254,4.0026913,4.679133,4.6281385,3.1569922,2.5241292,1.1386133,0.78270686,0.095840536,-2.0093877,-3.477488,-5.572348,-6.613732,-6.755467,-7.1123,-7.646287,-8.379525,-6.888384,-6.1445675,-5.240925,-4.7518578,-3.2979455,-1.2406703,0.80392915,3.3639028,3.7720704,2.8123498,3.492655,5.2176013,5.8939433,5.184533,4.9840627,5.2889075,4.6958976,3.385373,2.5640614,2.1606376,1.9952943,2.7634451,3.5949087,3.884254,4.0026913,4.679133,4.6281385,3.1569922,2.5241292,1.1386133,0.78270686,0.095840536,2.0093877,3.477488,5.572348,6.613732,6.755467,7.1123,7.646287,8.379525,6.888384,6.1445675,5.240925,4.7518578,3.2979455,1.2406703,0.80392915,3.3639028,3.7720704,2.8123498,0.070308745,0.44467154,6.2325287,-8.563633,0
2.8963325,3.293427,3.8877475,2.8432944,-0.016819924,-1.1888108,-3.2490575,-4.846639,-5.0597963,-5.693208,-6.170249,-7.435458,-6.783036,-6.8992443,-7.0878034,-7.2781463,-6.115435,-3.8106263,-1.85754,0.30473155,2.195848,2.7400508,3.0059073,1.7820029,0.16866323,-2.0624862,-2.9840124,-2.6317515,-1.659006,-1.5180403,-0.41646975,1.0321239,2.1615958,3.87206,4.6879973,4.2790737,4.536585,4.154512,4.3122425,4.1395693,2.8963325,3.293427,3.8877475,2.8432944,0.016819924,1.1888108,3.2490575,4.846639,5.0597963,5.693208,6.170249,7.435458,6.783036,6.8992443,7.0878034,7.2781463,6.115435,3.8106263,1.85754,0.30473155,2.195848,2.7400508,3.0059073,1.7820029,0.16866323,2.0624862,2.9840124,2.6317515,1.659006,1.5180403,0.41646975,1.0321239,2.1615958,3.87206,4.6879973,4.2790737,4.536585,4.154512,4.3122425,4.1395693,0.103489235,0.6545234,5.8493614,-8.755379,0
3.4176123,5.143392,5.468107,5.771118,4.711103,2.986892,1.9213927,0.42392567,-1.3339518,-1.1779698,-2.4656787,-3.4029076,-4.100292,-2.9609816,-1.2885892,0.11189129,1.2124504,2.2422688,0.5631645,-0.98936737,-2.3401916,-3.9112406,-4.9238563,-5.2207646,-5.7470574,-6.2713413,-7.0539236,-6.0510178,-5.9223433,-5.6659837,-5.7902575,-4.7434006,-2.4881365,-0.7206543,1.7660033,2.5801122,2.888823,3.9886043,3.8577757,4.6875687,3.4176123,5.143392,5.468107,5.771118,4.711103,2.986892,1.9213927,0.42392567,1.3339518,1.1779698,2.4656787,3.4029076,4.100292,2.9609816,1.2885892,0.11189129,1.2124504,2.2422688,0.5631645,0.98936737,2.3401916,3.9112406,4.9238563,5.2207646,5.7470574,6.2713413,7.0539236,6.0510178,5.9223433,5.6659837,5.7902575,4.7434006,2.4881365,0.7206543,1.7660033,2.5801122,2.888823,3.9886043,3.8577757,4.6875687,0.11718921,0.7411697,6.0886574,-7.7500343,0
2.7833633,3.4034295,4.172858,3.259116,0.42401645,-0.96934205,-3.2909029,-4.5301933,-4.8791976,-5.7540545,-6.637176,-8.126633,-7.4974203,-7.306216,-7.117592,-7.2045774,-5.8178225,-3.7747512,-1.7032291,-0.018470783,-0.17779295,-2.4098015,-3.4663136,-4.079786,-3.9902694,-4.2603025,-2.9520009,-2.8182921,-2.360435,-2.1885574,-0.8231114,0.69079304,1.9186147,3.9569218,4.8881807,4.3831854,4.7288833,4.3298388,4.6115746,4.5046425,2.7833633,3.4034295,4.172858,3.259116,0.42401645,0.96934205,3.2909029,4.5301933,4.8791976,5.7540545,6.637176,8.126633,7.4974203,7.306216,7.117592,7.2045774,5.8178225,3.7747512,1.7032291,0.018470783,0.17779295,2.4098015,3.4663136,4.079786,3.9902694,4.2603025,2.9520009,2.8182921,2.360435,2.1885574,0.8231114,0.69079304,1.9186147,3.9569218,4.8881807,4.3831854,4.7288833,4.3298388,4.6115746,4.5046425,0.11261606,0.7122465,5.7055283,-8.755589,0
3.3143685,4.974964,5.3153067,5.7068305,4.807993,3.2914987,2.2563512,0.89750844,-0.85702115,-0.9938267,-1.7409798,-2.117441,-3.913171,-5.088186,-6.434877,-8.03384,-9.156192,-8.053712,-7.296039,-5.1298265,-2.936387,-1.3213623,-0.9275752,-1.5306699,-2.8880963,-3.9109974,-5.125448,-4.670382,-5.191223,-5.042119,-5.155995,-4.4070406,-2.3583736,-0.9784266,1.0969195,1.9738791,2.5874405,3.839929,3.9010963,4.597947,3.3143685,4.974964,5.3153067,5.7068305,4.807993,3.2914987,2.2563512,0.89750844,0.85702115,0.9938267,1.7409798,2.117441,3.913171,5.088186,6.434877,8.03384,9.156192,8.053712,7.296039,5.1298265,2.936387,1.3213623,0.9275752,1.5306699,2.8880963,3.9109974,5.125448,4.670382,5.191223,5.042119,5.155995,4.4070406,2.3583736,0.9784266,1.0969195,1.9738791,2.5874405,3.839929,3.9010963,4.597947,0.114948675,0.7269993,5.8971214,-8.899136,0
4.297294,5.507433,5.229087,3.9753153,2.0300126,1.4960068,1.6429001,2.2438602,3.1537845,3.4074938,4.1161747,3.8110087,3.886248,3.5508387,3.9964495,3.4528847,1.4723171,0.44220448,-1.151482,-2.9762251,-3.0870278,-3.6603842,-4.0616307,-5.6117954,-6.0103693,-6.882123,-7.866052,-8.653216,-7.5445094,-5.422957,-3.5854921,-1.8338649,-0.026436163,0.3303607,1.1147889,1.1849267,3.3353803,4.2094564,4.226742,5.081649,4.297294,5.507433,5.229087,3.9753153,2.0300126,1.4960068,1.6429001,2.2438602,3.1537845,3.4074938,4.1161747,3.8110087,3.886248,3.5508387,3.9964495,3.4528847,1.4723171,0.44220448,1.151482,2.9762251,3.0870278,3.6603842,4.0616307,5.6117954,6.0103693,6.882123,7.866052,8.653216,7.5445094,5.422957,3.5854921,1.8338649,0.026436163,0.3303607,1.1147889,1.1849267,3.3353803,4.2094564,4.226742,5.081649,0.12704122,0.8034792,6.1367035,-8.803158,0
3.4753528,3.6380749,3.0650833,1.927865,1.0746655,1.8528723,2.5514998,3.3126402,3.6346729,3.9037907,3.4349885,3.4608943,3.1153321,1.8234549,1.850618,1.087848,0.98977196,-0.25186583,-2.1585393,-3.6103687,-5.5416155,-6.8650894,-6.796093,-6.719623,-6.9528036,-7.478661,-6.126057,-5.734754,-5.2263637,-4.8438897,-3.117505,-1.0507916,0.6293814,3.238472,4.2573066,4.0733423,5.0523553,4.917287,5.685802,5.585907,3.4753528,3.6380749,3.0650833,1.927865,1.0746655,1.8528723,2.5514998,3.3126402,3.6346729,3.9037907,3.4349885,3.4608943,3.1153321,1.8234549,1.850618,1.087848,0.98977196,0.25186583,2.1585393,3.6103687,5.5416155,6.8650894,6.796093,6.719623,6.9528036,7.478661,6.126057,5.734754,5.2263637,4.8438897,3.117505,1.0507916,0.6293814,3.238472,4.2573066,4.0733423,5.0523553,4.917287,5.685802,5.585907,0.13964768,0.88320947,6.184635,-8.56369,0
4.0832243,3.8894596,3.833985,2.032254,0.57284534,-0.32481608,-2.401727,-4.1287074,-6.359882,-7.246369,-7.3442574,-7.451289,-7.8857346,-8.765206,-7.9772534,-4.6792445,-1.850926,-0.0999906,1.7637725,1.434267,0.1465913,-0.3995558,-2.116385,-3.3465486,-5.1078095,-5.911478,-6.1746764,-6.592582,-7.2635374,-7.6798925,-6.117777,-5.4447293,-4.5760145,-4.2090406,-3.1093888,-1.1482205,0.78232974,3.321338,3.6493766,2.740896,4.0832243,3.8894596,3.833985,2.032254,0.57284534,0.32481608,2.401727,4.1287074,6.359882,7.246369,7.3442574,7.451289,7.8857346,8.765206,7.9772534,4.6792445,1.850926,0.0999906,1.7637725,1.434267,0.1465913,0.3995558,2.116385,3.3465486,5.1078095,5.911478,6.1746764,6.592582,7.2635374,7.6798925,6.117777,5.4447293,4.5760145,4.2090406,3.1093888,1.1482205,0.78232974,3.321338,3.6493766,2.740896,0.0685224,0.43337372,5.753479,-8.8035965,0
3.0732632,4.3488965,4.171116,2.5858405,0.88130915,0.723992,0.5876855,1.4303005,3.4461765,3.5430753,2.6593668,2.7122724,2.3551984,0.93349004,0.9029271,0.34306452,0.232928,-1.0579326,-2.7699406,-4.2789125,-6.245092,-7.558969,-7.2292275,-6.7835155,-6.6299224,-6.7522674,-5.1931624,-4.7347646,-4.2037086,-3.7694297,-1.9128746,0.077954225,1.6426151,4.0357385,5.000903,4.616836,5.2486014,4.862947,5.2950335,5.1584125,3.0732632,4.3488965,4.171116,2.5858405,0.88130915,0.723992,0.5876855,1.4303005,3.4461765,3.5430753,2.6593668,2.7122724,2.3551984,0.93349004,0.9029271,0.34306452,0.232928,1.0579326,2.7699406,4.2789125,6.245092,7.558969,7.2292275,6.7835155,6.6299224,6.7522674,5.1931624,4.7347646,4.2037086,3.7694297,1.9128746,0.077954225,1.6426151,4.0357385,5.000903,4.616836,5.2486014,4.862947,5.2950335,5.1584125,0.12896031,0.8156166,6.1844254,-8.133011,0
4.01212,5.3852453,4.9358444,4.6302934,3.3949263,2.0833652,1.8093718,0.9085172,0.8303223,-0.6963856,-2.64312,-3.7917726,-7.0056157,-8.369804,-6.714911,-4.9775696,-2.5966399,-0.92986095,-0.29688442,-0.65350884,-2.5968046,-3.5619931,-4.8750987,-6.3273973,-6.546623,-6.7966638,-6.7282515,-7.080764,-6.8537483,-4.8003945,-3.352138,-1.8870327,-0.2624226,0.03914466,0.848263,0.8877534,2.927387,3.8357515,3.9439108,4.7799544,4.01212,5.3852453,4.9358444,4.6302934,3.3949263,2.0833652,1.8093718,0.9085172,0.8303223,0.6963856,2.64312,3.7917726,7.0056157,8.369804,6.714911,4.9775696,2.5966399,0.92986095,0.29688442,0.65350884,2.5968046,3.5619931,4.8750987,6.3273973,6.546623,6.7966638,6.7282515,7.080764,6.8537483,4.8003945,3.352138,1.8870327,0.2624226,0.03914466,0.848263,0.8877534,2.927387,3.8357515,3.9439108,4.7799544,0.119498864,0.7557772,6.184273,-8.75555,0
4.1345167,5.4620295,5.0789595,3.135823,0.66189414,-0.4570307,-0.72458977,-0.14986056,1.3684053,2.2791266,2.9916053,2.7873535,3.1296017,2.626543,3.160443,2.63685,0.49576485,-0.7377267,-2.5740836,-3.6316626,-4.1676416,-5.271549,-6.2275558,-7.898727,-7.5420885,-7.3753386,-7.2231083,-7.3887796,-6.74476,-4.3904853,-2.6553714,-0.40613344,0.5577823,1.100888,2.6638892,3.514865,5.629618,6.0392566,5.3591423,5.488843,4.1345167,5.4620295,5.0789595,3.135823,0.66189414,0.4570307,0.72458977,0.14986056,1.3684053,2.2791266,2.9916053,2.7873535,3.1296017,2.626543,3.160443,2.63685,0.49576485,0.7377267,2.5740836,3.6316626,4.1676416,5.271549,6.2275558,7.898727,7.5420885,7.3753386,7.2231083,7.3887796,6.74476,4.3904853,2.6553714,0.40613344,0.5577823,1.100888,2.6638892,3.514865,5.629618,6.0392566,5.3591423,5.488843,0.13722107,0.8678623,6.1364746,-8.516197,0
3.2772393,3.8641322,4.6316495,3.7178962,1.0871698,-0.84552217,-2.870614,-3.309941,-2.261281,-0.87119305,0.87819993,1.6642154,2.1277788,1.505953,1.3209943,0.26930985,-0.21745726,-0.9746715,-2.6468418,-4.1471243,-6.122022,-6.821317,-6.9624047,-7.111083,-7.6659527,-8.003172,-6.257215,-5.201747,-3.7977998,-3.1947439,-2.0192957,-0.042742573,1.2726834,3.7461843,4.8290067,4.6515408,5.3220425,4.970322,5.4039736,5.1453524,3.2772393,3.8641322,4.6316495,3.7178962,1.0871698,0.84552217,2.870614,3.309941,2.261281,0.87119305,0.87819993,1.6642154,2.1277788,1.505953,1.3209943,0.26930985,0.21745726,0.9746715,2.6468418,4.1471243,6.122022,6.821317,6.9624047,7.111083,7.6659527,8.003172,6.257215,5.201747,3.7977998,3.1947439,2.0192957,0.042742573,1.2726834,3.7461843,4.8290067,4.6515408,5.3220425,4.970322,5.4039736,5.1453524,0.12863381,0.81355166,6.3279724,-8.181095,0
